ISO-10303-21;
HEADER;
FILE_DESCRIPTION(('FreeCAD Model'),'2;1');
FILE_NAME('Open CASCADE Shape Model','2026-06-09T10:58:34',(''),(''),
  'Open CASCADE STEP processor 7.8','FreeCAD','Unknown');
FILE_SCHEMA(('AUTOMOTIVE_DESIGN { 1 0 10303 214 1 1 1 1 }'));
ENDSEC;
DATA;
#1 = APPLICATION_PROTOCOL_DEFINITION('international standard',
  'automotive_design',2000,#2);
#2 = APPLICATION_CONTEXT(
  'core data for automotive mechanical design processes');
#3 = SHAPE_DEFINITION_REPRESENTATION(#4,#10);
#4 = PRODUCT_DEFINITION_SHAPE('','',#5);
#5 = PRODUCT_DEFINITION('design','',#6,#9);
#6 = PRODUCT_DEFINITION_FORMATION('','',#7);
#7 = PRODUCT('base','base','',(#8));
#8 = PRODUCT_CONTEXT('',#2,'mechanical');
#9 = PRODUCT_DEFINITION_CONTEXT('part definition',#2,'design');
#10 = ADVANCED_BREP_SHAPE_REPRESENTATION('',(#11,#15),#2830);
#11 = AXIS2_PLACEMENT_3D('',#12,#13,#14);
#12 = CARTESIAN_POINT('',(0.,0.,0.));
#13 = DIRECTION('',(0.,0.,1.));
#14 = DIRECTION('',(1.,0.,-0.));
#15 = MANIFOLD_SOLID_BREP('',#16);
#16 = CLOSED_SHELL('',(#17,#118,#151,#221,#273,#324,#348,#401,#624,#641,
    #1009,#1058,#1083,#1207,#1225,#1287,#1305,#1400,#1436,#1461,#1485,
    #1510,#1565,#1612,#1677,#1766,#1784,#1931,#1941,#1963,#1979,#2077,
    #2218,#2240,#2262,#2280,#2371,#2388,#2401,#2418,#2435,#2521,#2534,
    #2544,#2554,#2579,#2604,#2629,#2654,#2679,#2707,#2725,#2743,#2755,
    #2773,#2785,#2794,#2803,#2812,#2821));
#17 = ADVANCED_FACE('',(#18),#113,.F.);
#18 = FACE_BOUND('',#19,.F.);
#19 = EDGE_LOOP('',(#20,#30,#39,#47,#56,#64,#71,#72,#81,#89,#98,#106));
#20 = ORIENTED_EDGE('',*,*,#21,.F.);
#21 = EDGE_CURVE('',#22,#24,#26,.T.);
#22 = VERTEX_POINT('',#23);
#23 = CARTESIAN_POINT('',(28.393720558371,-2.494874746355,
    10.638564064606));
#24 = VERTEX_POINT('',#25);
#25 = CARTESIAN_POINT('',(37.053974596216,-2.494874746355,
    15.638564064606));
#26 = LINE('',#27,#28);
#27 = CARTESIAN_POINT('',(37.92,-2.494874746355,16.138564064606));
#28 = VECTOR('',#29,1.);
#29 = DIRECTION('',(0.866025403784,1.922962686384E-16,0.5));
#30 = ORIENTED_EDGE('',*,*,#31,.T.);
#31 = EDGE_CURVE('',#22,#32,#34,.T.);
#32 = VERTEX_POINT('',#33);
#33 = CARTESIAN_POINT('',(28.473720558371,-2.5,10.5));
#34 = CIRCLE('',#35,2.5);
#35 = AXIS2_PLACEMENT_3D('',#36,#37,#38);
#36 = CARTESIAN_POINT('',(28.473720558371,-2.747801985947E-15,10.5));
#37 = DIRECTION('',(0.866025403784,3.053113317719E-16,0.5));
#38 = DIRECTION('',(-0.353553390593,0.707106781187,0.612372435696));
#39 = ORIENTED_EDGE('',*,*,#40,.F.);
#40 = EDGE_CURVE('',#41,#32,#43,.T.);
#41 = VERTEX_POINT('',#42);
#42 = CARTESIAN_POINT('',(27.607695154587,-2.5,10.));
#43 = LINE('',#44,#45);
#44 = CARTESIAN_POINT('',(38.,-2.5,16.));
#45 = VECTOR('',#46,1.);
#46 = DIRECTION('',(0.866025403784,2.498001805407E-16,0.5));
#47 = ORIENTED_EDGE('',*,*,#48,.F.);
#48 = EDGE_CURVE('',#49,#41,#51,.T.);
#49 = VERTEX_POINT('',#50);
#50 = CARTESIAN_POINT('',(26.723811678104,1.767766952966,11.530931089239
    ));
#51 = CIRCLE('',#52,2.5);
#52 = AXIS2_PLACEMENT_3D('',#53,#54,#55);
#53 = CARTESIAN_POINT('',(27.607695154587,-2.997602166488E-15,10.));
#54 = DIRECTION('',(0.866025403784,3.053113317719E-16,0.5));
#55 = DIRECTION('',(-0.353553390593,0.707106781187,0.612372435696));
#56 = ORIENTED_EDGE('',*,*,#57,.T.);
#57 = EDGE_CURVE('',#49,#58,#60,.T.);
#58 = VERTEX_POINT('',#59);
#59 = CARTESIAN_POINT('',(6.751653172965,1.767766952966,0.));
#60 = LINE('',#61,#62);
#61 = CARTESIAN_POINT('',(37.116116523517,1.767766952966,17.530931089239
    ));
#62 = VECTOR('',#63,1.);
#63 = DIRECTION('',(-0.866025403784,-2.22044604925E-16,-0.5));
#64 = ORIENTED_EDGE('',*,*,#65,.T.);
#65 = EDGE_CURVE('',#58,#58,#66,.T.);
#66 = ELLIPSE('',#67,5.,2.5);
#67 = AXIS2_PLACEMENT_3D('',#68,#69,#70);
#68 = CARTESIAN_POINT('',(10.287187078898,-7.993605777301E-15,0.));
#69 = DIRECTION('',(0.,-0.,1.));
#70 = DIRECTION('',(1.,2.884444029575E-16,0.));
#71 = ORIENTED_EDGE('',*,*,#57,.F.);
#72 = ORIENTED_EDGE('',*,*,#73,.F.);
#73 = EDGE_CURVE('',#74,#49,#76,.T.);
#74 = VERTEX_POINT('',#75);
#75 = CARTESIAN_POINT('',(27.607695154587,2.5,10.));
#76 = CIRCLE('',#77,2.5);
#77 = AXIS2_PLACEMENT_3D('',#78,#79,#80);
#78 = CARTESIAN_POINT('',(27.607695154587,-2.997602166488E-15,10.));
#79 = DIRECTION('',(0.866025403784,3.053113317719E-16,0.5));
#80 = DIRECTION('',(-0.353553390593,0.707106781187,0.612372435696));
#81 = ORIENTED_EDGE('',*,*,#82,.T.);
#82 = EDGE_CURVE('',#74,#83,#85,.T.);
#83 = VERTEX_POINT('',#84);
#84 = CARTESIAN_POINT('',(28.473720558371,2.5,10.5));
#85 = LINE('',#86,#87);
#86 = CARTESIAN_POINT('',(38.,2.5,16.));
#87 = VECTOR('',#88,1.);
#88 = DIRECTION('',(0.866025403784,2.498001805407E-16,0.5));
#89 = ORIENTED_EDGE('',*,*,#90,.T.);
#90 = EDGE_CURVE('',#83,#91,#93,.T.);
#91 = VERTEX_POINT('',#92);
#92 = CARTESIAN_POINT('',(28.393720558371,2.494874746355,10.638564064606
    ));
#93 = CIRCLE('',#94,2.5);
#94 = AXIS2_PLACEMENT_3D('',#95,#96,#97);
#95 = CARTESIAN_POINT('',(28.473720558371,-2.747801985947E-15,10.5));
#96 = DIRECTION('',(0.866025403784,3.053113317719E-16,0.5));
#97 = DIRECTION('',(-0.353553390593,0.707106781187,0.612372435696));
#98 = ORIENTED_EDGE('',*,*,#99,.T.);
#99 = EDGE_CURVE('',#91,#100,#102,.T.);
#100 = VERTEX_POINT('',#101);
#101 = CARTESIAN_POINT('',(37.053974596216,2.494874746355,
    15.638564064606));
#102 = LINE('',#103,#104);
#103 = CARTESIAN_POINT('',(37.92,2.494874746355,16.138564064606));
#104 = VECTOR('',#105,1.);
#105 = DIRECTION('',(0.866025403784,1.922962686384E-16,0.5));
#106 = ORIENTED_EDGE('',*,*,#107,.F.);
#107 = EDGE_CURVE('',#24,#100,#108,.T.);
#108 = CIRCLE('',#109,2.5);
#109 = AXIS2_PLACEMENT_3D('',#110,#111,#112);
#110 = CARTESIAN_POINT('',(37.133974596216,-1.749902463122E-16,15.5));
#111 = DIRECTION('',(0.866025403784,1.769417945496E-16,0.5));
#112 = DIRECTION('',(-3.200000000001E-02,-0.997949898542,
    5.542562584222E-02));
#113 = CYLINDRICAL_SURFACE('',#114,2.5);
#114 = AXIS2_PLACEMENT_3D('',#115,#116,#117);
#115 = CARTESIAN_POINT('',(38.,1.591152826029E-31,16.));
#116 = DIRECTION('',(0.866025403784,2.498001805407E-16,0.5));
#117 = DIRECTION('',(-0.353553390593,0.707106781187,0.612372435696));
#118 = ADVANCED_FACE('',(#119),#146,.F.);
#119 = FACE_BOUND('',#120,.F.);
#120 = EDGE_LOOP('',(#121,#122,#131,#139));
#121 = ORIENTED_EDGE('',*,*,#21,.T.);
#122 = ORIENTED_EDGE('',*,*,#123,.F.);
#123 = EDGE_CURVE('',#124,#24,#126,.T.);
#124 = VERTEX_POINT('',#125);
#125 = CARTESIAN_POINT('',(26.655696636079,-8.135730209822,
    33.648909802786));
#126 = CIRCLE('',#127,12.1);
#127 = AXIS2_PLACEMENT_3D('',#128,#129,#130);
#128 = CARTESIAN_POINT('',(31.133974596216,-1.507257875862E-15,
    25.892304845413));
#129 = DIRECTION('',(0.866025403784,1.665334536938E-16,0.5));
#130 = DIRECTION('',(-0.37010561654,-0.672374397506,0.641041732014));
#131 = ORIENTED_EDGE('',*,*,#132,.F.);
#132 = EDGE_CURVE('',#133,#124,#135,.T.);
#133 = VERTEX_POINT('',#134);
#134 = CARTESIAN_POINT('',(17.995442598234,-8.135730209822,
    28.648909802786));
#135 = LINE('',#136,#137);
#136 = CARTESIAN_POINT('',(27.521722039863,-8.135730209822,
    34.148909802786));
#137 = VECTOR('',#138,1.);
#138 = DIRECTION('',(0.866025403784,1.922962686384E-16,0.5));
#139 = ORIENTED_EDGE('',*,*,#140,.T.);
#140 = EDGE_CURVE('',#133,#22,#141,.T.);
#141 = CIRCLE('',#142,12.1);
#142 = AXIS2_PLACEMENT_3D('',#143,#144,#145);
#143 = CARTESIAN_POINT('',(22.473720558371,-3.164135620182E-15,
    20.892304845413));
#144 = DIRECTION('',(0.866025403784,1.922962686384E-16,0.5));
#145 = DIRECTION('',(-2.22044604925E-16,1.,9.023222855102E-33));
#146 = CYLINDRICAL_SURFACE('',#147,12.1);
#147 = AXIS2_PLACEMENT_3D('',#148,#149,#150);
#148 = CARTESIAN_POINT('',(32.,-1.33226762955E-15,26.392304845413));
#149 = DIRECTION('',(0.866025403784,1.922962686384E-16,0.5));
#150 = DIRECTION('',(-2.22044604925E-16,1.,1.232595164408E-32));
#151 = ADVANCED_FACE('',(#152),#216,.T.);
#152 = FACE_BOUND('',#153,.F.);
#153 = EDGE_LOOP('',(#154,#181,#190,#215));
#154 = ORIENTED_EDGE('',*,*,#155,.F.);
#155 = EDGE_CURVE('',#156,#100,#158,.T.);
#156 = VERTEX_POINT('',#157);
#157 = CARTESIAN_POINT('',(38.32,3.440988230146,15.445743741578));
#158 = B_SPLINE_CURVE_WITH_KNOTS('',6,(#159,#160,#161,#162,#163,#164,
    #165,#166,#167,#168,#169,#170,#171,#172,#173,#174,#175,#176,#177,
    #178,#179,#180),.UNSPECIFIED.,.F.,.F.,(7,5,5,5,7),(0.,0.187917654241
    ,0.434468993885,0.675914700645,1.),.UNSPECIFIED.);
#159 = CARTESIAN_POINT('',(38.320000000001,3.44098823014,15.445743741577
    ));
#160 = CARTESIAN_POINT('',(38.300745009741,3.399187803014,
    15.479094362483));
#161 = CARTESIAN_POINT('',(38.279120111095,3.357151912263,
    15.510988465564));
#162 = CARTESIAN_POINT('',(38.255215613803,3.315022646459,
    15.541311032328));
#163 = CARTESIAN_POINT('',(38.229129281164,3.272942922253,
    15.569957294192));
#164 = CARTESIAN_POINT('',(38.20096433293,3.231057881454,15.596831374634
    ));
#165 = CARTESIAN_POINT('',(38.131287313829,3.135012971035,
    15.654663167319));
#166 = CARTESIAN_POINT('',(38.088354637868,3.08110359382,15.684277114614
    ));
#167 = CARTESIAN_POINT('',(38.042268768055,3.028120752707,15.71048954));
#168 = CARTESIAN_POINT('',(37.993284791806,2.976418290188,
    15.733118562968));
#169 = CARTESIAN_POINT('',(37.941674799452,2.926377366662,
    15.751996181691));
#170 = CARTESIAN_POINT('',(37.834900612482,2.831440962634,
    15.781627401816));
#171 = CARTESIAN_POINT('',(37.779837216517,2.786464770996,
    15.792539739243));
#172 = CARTESIAN_POINT('',(37.722811130268,2.743871354811,
    15.799559124289));
#173 = CARTESIAN_POINT('',(37.664131822751,2.704094938566,
    15.802546341937));
#174 = CARTESIAN_POINT('',(37.604158039397,2.66761469391,15.801381140613
    ));
#175 = CARTESIAN_POINT('',(37.461634018635,2.591011175809,
    15.788752063292));
#176 = CARTESIAN_POINT('',(37.378336641965,2.553890727891,
    15.773895737691));
#177 = CARTESIAN_POINT('',(37.294535690747,2.524773261295,
    15.751235021351));
#178 = CARTESIAN_POINT('',(37.2115399343,2.504835171486,15.720798761516)
  );
#179 = CARTESIAN_POINT('',(37.130853430043,2.494874746355,
    15.682950080011));
#180 = CARTESIAN_POINT('',(37.053974596216,2.494874746355,
    15.638564064606));
#181 = ORIENTED_EDGE('',*,*,#182,.F.);
#182 = EDGE_CURVE('',#183,#156,#185,.T.);
#183 = VERTEX_POINT('',#184);
#184 = CARTESIAN_POINT('',(38.32,-3.440988230146,15.445743741578));
#185 = CIRCLE('',#186,3.5);
#186 = AXIS2_PLACEMENT_3D('',#187,#188,#189);
#187 = CARTESIAN_POINT('',(38.,-1.183291357832E-30,16.));
#188 = DIRECTION('',(0.866025403784,1.769417945496E-16,0.5));
#189 = DIRECTION('',(-3.200000000001E-02,-0.997949898542,
    5.542562584222E-02));
#190 = ORIENTED_EDGE('',*,*,#191,.F.);
#191 = EDGE_CURVE('',#24,#183,#192,.T.);
#192 = B_SPLINE_CURVE_WITH_KNOTS('',6,(#193,#194,#195,#196,#197,#198,
    #199,#200,#201,#202,#203,#204,#205,#206,#207,#208,#209,#210,#211,
    #212,#213,#214),.UNSPECIFIED.,.F.,.F.,(7,5,5,5,7),(0.,0.323146150058
    ,0.565376306399,0.811925749338,1.),.UNSPECIFIED.);
#193 = CARTESIAN_POINT('',(37.053974596216,-2.494874746355,
    15.638564064606));
#194 = CARTESIAN_POINT('',(37.130630505394,-2.494874746355,
    15.682821374404));
#195 = CARTESIAN_POINT('',(37.211072005208,-2.504777498819,
    15.720579193595));
#196 = CARTESIAN_POINT('',(37.293813930457,-2.524600040088,
    15.750970165275));
#197 = CARTESIAN_POINT('',(37.377365121853,-2.553553628997,
    15.773632637406));
#198 = CARTESIAN_POINT('',(37.460426792353,-2.590473918895,
    15.788536055983));
#199 = CARTESIAN_POINT('',(37.602951494637,-2.666884235514,
    15.801354311032));
#200 = CARTESIAN_POINT('',(37.663140955995,-2.703429068337,
    15.802590908961));
#201 = CARTESIAN_POINT('',(37.722032013743,-2.743297505398,
    15.799646575089));
#202 = CARTESIAN_POINT('',(37.77926194178,-2.786005275007,
    15.792642579598));
#203 = CARTESIAN_POINT('',(37.834518049711,-2.831113673931,
    15.781719461607));
#204 = CARTESIAN_POINT('',(37.941478114202,-2.926189447543,
    15.752065067684));
#205 = CARTESIAN_POINT('',(37.993095859355,-2.976224535718,
    15.73319950113));
#206 = CARTESIAN_POINT('',(38.042088317798,-3.027922123356,
    15.71058216354));
#207 = CARTESIAN_POINT('',(38.088183369923,-3.08090099611,
    15.684381032132));
#208 = CARTESIAN_POINT('',(38.131125908579,-3.1348072736,15.654777956306
    ));
#209 = CARTESIAN_POINT('',(38.200846827586,-3.230883158229,
    15.596943468233));
#210 = CARTESIAN_POINT('',(38.229042216464,-3.272802493376,
    15.57005288587));
#211 = CARTESIAN_POINT('',(38.25515577846,-3.314917200983,
    15.541386923455));
#212 = CARTESIAN_POINT('',(38.279084026017,-3.357081770983,
    15.511041683154));
#213 = CARTESIAN_POINT('',(38.300728945101,-3.399152928179,
    15.479122187245));
#214 = CARTESIAN_POINT('',(38.31999999998,-3.44098823029,15.445743741612
    ));
#215 = ORIENTED_EDGE('',*,*,#107,.T.);
#216 = TOROIDAL_SURFACE('',#217,3.5,1.);
#217 = AXIS2_PLACEMENT_3D('',#218,#219,#220);
#218 = CARTESIAN_POINT('',(37.133974596216,-1.749902463122E-16,15.5));
#219 = DIRECTION('',(-0.866025403784,-1.749902463122E-16,-0.5));
#220 = DIRECTION('',(-3.200000000001E-02,-0.997949898542,
    5.542562584222E-02));
#221 = ADVANCED_FACE('',(#222),#268,.F.);
#222 = FACE_BOUND('',#223,.F.);
#223 = EDGE_LOOP('',(#224,#235,#244,#250,#251,#252,#261));
#224 = ORIENTED_EDGE('',*,*,#225,.F.);
#225 = EDGE_CURVE('',#226,#228,#230,.T.);
#226 = VERTEX_POINT('',#227);
#227 = CARTESIAN_POINT('',(25.473720558371,-18.,15.696152422707));
#228 = VERTEX_POINT('',#229);
#229 = CARTESIAN_POINT('',(22.473720558371,-16.,20.892304845413));
#230 = CIRCLE('',#231,10.);
#231 = AXIS2_PLACEMENT_3D('',#232,#233,#234);
#232 = CARTESIAN_POINT('',(22.473720558371,-26.,20.892304845413));
#233 = DIRECTION('',(0.866025403784,1.922962686384E-16,0.5));
#234 = DIRECTION('',(-2.22044604925E-16,1.,1.232595164408E-32));
#235 = ORIENTED_EDGE('',*,*,#236,.T.);
#236 = EDGE_CURVE('',#226,#237,#239,.T.);
#237 = VERTEX_POINT('',#238);
#238 = CARTESIAN_POINT('',(28.473720558371,-20.,10.5));
#239 = CIRCLE('',#240,10.);
#240 = AXIS2_PLACEMENT_3D('',#241,#242,#243);
#241 = CARTESIAN_POINT('',(28.473720558371,-10.,10.5));
#242 = DIRECTION('',(0.866025403784,1.922962686384E-16,0.5));
#243 = DIRECTION('',(-2.22044604925E-16,1.,1.232595164408E-32));
#244 = ORIENTED_EDGE('',*,*,#245,.T.);
#245 = EDGE_CURVE('',#237,#32,#246,.T.);
#246 = LINE('',#247,#248);
#247 = CARTESIAN_POINT('',(28.473720558371,-20.,10.5));
#248 = VECTOR('',#249,1.);
#249 = DIRECTION('',(-2.22044604925E-16,1.,9.023222855102E-33));
#250 = ORIENTED_EDGE('',*,*,#31,.F.);
#251 = ORIENTED_EDGE('',*,*,#140,.F.);
#252 = ORIENTED_EDGE('',*,*,#253,.T.);
#253 = EDGE_CURVE('',#133,#254,#256,.T.);
#254 = VERTEX_POINT('',#255);
#255 = CARTESIAN_POINT('',(16.816874005008,-11.31372389114,
    30.690250486459));
#256 = CIRCLE('',#257,2.);
#257 = AXIS2_PLACEMENT_3D('',#258,#259,#260);
#258 = CARTESIAN_POINT('',(17.523973090065,-9.899494936612,
    29.465518945154));
#259 = DIRECTION('',(0.866025403784,1.922962686384E-16,0.5));
#260 = DIRECTION('',(-2.22044604925E-16,1.,9.023222855102E-33));
#261 = ORIENTED_EDGE('',*,*,#262,.T.);
#262 = EDGE_CURVE('',#254,#228,#263,.T.);
#263 = CIRCLE('',#264,16.);
#264 = AXIS2_PLACEMENT_3D('',#265,#266,#267);
#265 = CARTESIAN_POINT('',(22.473720558371,-3.447526584572E-15,
    20.892304845413));
#266 = DIRECTION('',(0.866025403784,1.922962686384E-16,0.5));
#267 = DIRECTION('',(-2.22044604925E-16,1.,1.232595164408E-32));
#268 = PLANE('',#269);
#269 = AXIS2_PLACEMENT_3D('',#270,#271,#272);
#270 = CARTESIAN_POINT('',(20.223720558371,-4.282723338828E-15,
    24.789419162443));
#271 = DIRECTION('',(0.866025403784,1.387829175704E-16,0.5));
#272 = DIRECTION('',(-0.5,0.,0.866025403784));
#273 = ADVANCED_FACE('',(#274),#319,.F.);
#274 = FACE_BOUND('',#275,.F.);
#275 = EDGE_LOOP('',(#276,#277,#286,#295,#303,#312));
#276 = ORIENTED_EDGE('',*,*,#99,.F.);
#277 = ORIENTED_EDGE('',*,*,#278,.T.);
#278 = EDGE_CURVE('',#91,#279,#281,.T.);
#279 = VERTEX_POINT('',#280);
#280 = CARTESIAN_POINT('',(22.473720558371,12.1,20.892304845413));
#281 = CIRCLE('',#282,12.1);
#282 = AXIS2_PLACEMENT_3D('',#283,#284,#285);
#283 = CARTESIAN_POINT('',(22.473720558371,-3.164135620182E-15,
    20.892304845413));
#284 = DIRECTION('',(0.866025403784,1.922962686384E-16,0.5));
#285 = DIRECTION('',(-2.22044604925E-16,1.,9.023222855102E-33));
#286 = ORIENTED_EDGE('',*,*,#287,.T.);
#287 = EDGE_CURVE('',#279,#288,#290,.T.);
#288 = VERTEX_POINT('',#289);
#289 = CARTESIAN_POINT('',(17.995442598234,8.135730209822,
    28.648909802786));
#290 = CIRCLE('',#291,12.1);
#291 = AXIS2_PLACEMENT_3D('',#292,#293,#294);
#292 = CARTESIAN_POINT('',(22.473720558371,-3.164135620182E-15,
    20.892304845413));
#293 = DIRECTION('',(0.866025403784,1.922962686384E-16,0.5));
#294 = DIRECTION('',(-2.22044604925E-16,1.,9.023222855102E-33));
#295 = ORIENTED_EDGE('',*,*,#296,.T.);
#296 = EDGE_CURVE('',#288,#297,#299,.T.);
#297 = VERTEX_POINT('',#298);
#298 = CARTESIAN_POINT('',(26.655696636079,8.135730209822,
    33.648909802786));
#299 = LINE('',#300,#301);
#300 = CARTESIAN_POINT('',(27.521722039863,8.135730209822,
    34.148909802786));
#301 = VECTOR('',#302,1.);
#302 = DIRECTION('',(0.866025403784,1.922962686384E-16,0.5));
#303 = ORIENTED_EDGE('',*,*,#304,.F.);
#304 = EDGE_CURVE('',#305,#297,#307,.T.);
#305 = VERTEX_POINT('',#306);
#306 = CARTESIAN_POINT('',(31.133974596216,12.1,25.892304845413));
#307 = CIRCLE('',#308,12.1);
#308 = AXIS2_PLACEMENT_3D('',#309,#310,#311);
#309 = CARTESIAN_POINT('',(31.133974596216,-1.507257875862E-15,
    25.892304845413));
#310 = DIRECTION('',(0.866025403784,1.749902463122E-16,0.5));
#311 = DIRECTION('',(-1.828774753766E-16,1.,-3.322741371217E-17));
#312 = ORIENTED_EDGE('',*,*,#313,.F.);
#313 = EDGE_CURVE('',#100,#305,#314,.T.);
#314 = CIRCLE('',#315,12.1);
#315 = AXIS2_PLACEMENT_3D('',#316,#317,#318);
#316 = CARTESIAN_POINT('',(31.133974596216,-1.507257875862E-15,
    25.892304845413));
#317 = DIRECTION('',(0.866025403784,1.665334536938E-16,0.5));
#318 = DIRECTION('',(0.489256198347,0.206187995567,-0.847416593455));
#319 = CYLINDRICAL_SURFACE('',#320,12.1);
#320 = AXIS2_PLACEMENT_3D('',#321,#322,#323);
#321 = CARTESIAN_POINT('',(32.,-1.33226762955E-15,26.392304845413));
#322 = DIRECTION('',(0.866025403784,1.922962686384E-16,0.5));
#323 = DIRECTION('',(-2.22044604925E-16,1.,1.232595164408E-32));
#324 = ADVANCED_FACE('',(#325),#343,.F.);
#325 = FACE_BOUND('',#326,.F.);
#326 = EDGE_LOOP('',(#327,#328,#336,#342));
#327 = ORIENTED_EDGE('',*,*,#245,.F.);
#328 = ORIENTED_EDGE('',*,*,#329,.T.);
#329 = EDGE_CURVE('',#237,#330,#332,.T.);
#330 = VERTEX_POINT('',#331);
#331 = CARTESIAN_POINT('',(27.607695154587,-20.,10.));
#332 = LINE('',#333,#334);
#333 = CARTESIAN_POINT('',(38.,-20.,16.));
#334 = VECTOR('',#335,1.);
#335 = DIRECTION('',(-0.866025403784,-1.665334536938E-16,-0.5));
#336 = ORIENTED_EDGE('',*,*,#337,.T.);
#337 = EDGE_CURVE('',#330,#41,#338,.T.);
#338 = LINE('',#339,#340);
#339 = CARTESIAN_POINT('',(27.607695154587,-20.,10.));
#340 = VECTOR('',#341,1.);
#341 = DIRECTION('',(-2.22044604925E-16,1.,9.023222855102E-33));
#342 = ORIENTED_EDGE('',*,*,#40,.T.);
#343 = PLANE('',#344);
#344 = AXIS2_PLACEMENT_3D('',#345,#346,#347);
#345 = CARTESIAN_POINT('',(28.473720558371,-20.,10.5));
#346 = DIRECTION('',(0.5,1.110223024625E-16,-0.866025403784));
#347 = DIRECTION('',(-2.22044604925E-16,1.,1.232595164408E-32));
#348 = ADVANCED_FACE('',(#349),#396,.F.);
#349 = FACE_BOUND('',#350,.F.);
#350 = EDGE_LOOP('',(#351,#352,#360,#369,#378,#387,#394,#395));
#351 = ORIENTED_EDGE('',*,*,#90,.F.);
#352 = ORIENTED_EDGE('',*,*,#353,.T.);
#353 = EDGE_CURVE('',#83,#354,#356,.T.);
#354 = VERTEX_POINT('',#355);
#355 = CARTESIAN_POINT('',(28.473720558371,20.,10.5));
#356 = LINE('',#357,#358);
#357 = CARTESIAN_POINT('',(28.473720558371,-20.,10.5));
#358 = VECTOR('',#359,1.);
#359 = DIRECTION('',(-2.22044604925E-16,1.,9.023222855102E-33));
#360 = ORIENTED_EDGE('',*,*,#361,.T.);
#361 = EDGE_CURVE('',#354,#362,#364,.T.);
#362 = VERTEX_POINT('',#363);
#363 = CARTESIAN_POINT('',(25.473720558371,18.,15.696152422707));
#364 = CIRCLE('',#365,10.);
#365 = AXIS2_PLACEMENT_3D('',#366,#367,#368);
#366 = CARTESIAN_POINT('',(28.473720558371,10.,10.5));
#367 = DIRECTION('',(0.866025403784,0.,0.5));
#368 = DIRECTION('',(-5.337293624795E-33,-1.,9.244463733059E-33));
#369 = ORIENTED_EDGE('',*,*,#370,.F.);
#370 = EDGE_CURVE('',#371,#362,#373,.T.);
#371 = VERTEX_POINT('',#372);
#372 = CARTESIAN_POINT('',(22.473720558371,16.,20.892304845413));
#373 = CIRCLE('',#374,10.);
#374 = AXIS2_PLACEMENT_3D('',#375,#376,#377);
#375 = CARTESIAN_POINT('',(22.473720558371,26.,20.892304845413));
#376 = DIRECTION('',(0.866025403784,0.,0.5));
#377 = DIRECTION('',(-5.337293624795E-33,-1.,9.244463733059E-33));
#378 = ORIENTED_EDGE('',*,*,#379,.T.);
#379 = EDGE_CURVE('',#371,#380,#382,.T.);
#380 = VERTEX_POINT('',#381);
#381 = CARTESIAN_POINT('',(16.816866308879,11.313708498985,
    30.690263816546));
#382 = CIRCLE('',#383,16.);
#383 = AXIS2_PLACEMENT_3D('',#384,#385,#386);
#384 = CARTESIAN_POINT('',(22.473720558371,-3.447526584572E-15,
    20.892304845413));
#385 = DIRECTION('',(0.866025403784,1.922962686384E-16,0.5));
#386 = DIRECTION('',(-2.22044604925E-16,1.,1.232595164408E-32));
#387 = ORIENTED_EDGE('',*,*,#388,.T.);
#388 = EDGE_CURVE('',#380,#288,#389,.T.);
#389 = CIRCLE('',#390,2.);
#390 = AXIS2_PLACEMENT_3D('',#391,#392,#393);
#391 = CARTESIAN_POINT('',(17.523973090065,9.899494936612,
    29.465518945154));
#392 = DIRECTION('',(0.866025403784,1.922962686384E-16,0.5));
#393 = DIRECTION('',(-2.22044604925E-16,1.,9.023222855102E-33));
#394 = ORIENTED_EDGE('',*,*,#287,.F.);
#395 = ORIENTED_EDGE('',*,*,#278,.F.);
#396 = PLANE('',#397);
#397 = AXIS2_PLACEMENT_3D('',#398,#399,#400);
#398 = CARTESIAN_POINT('',(20.223720558371,-4.282723338828E-15,
    24.789419162443));
#399 = DIRECTION('',(0.866025403784,1.387829175704E-16,0.5));
#400 = DIRECTION('',(-0.5,0.,0.866025403784));
#401 = ADVANCED_FACE('',(#402),#619,.T.);
#402 = FACE_BOUND('',#403,.T.);
#403 = EDGE_LOOP('',(#404,#414,#446,#455,#464,#471,#472,#473,#474,#482,
    #491,#500,#509,#541,#549,#581,#589));
#404 = ORIENTED_EDGE('',*,*,#405,.F.);
#405 = EDGE_CURVE('',#406,#408,#410,.T.);
#406 = VERTEX_POINT('',#407);
#407 = CARTESIAN_POINT('',(14.584986064119,-4.242639993883,
    32.555993796879));
#408 = VERTEX_POINT('',#409);
#409 = CARTESIAN_POINT('',(15.357695154587,-4.242639993883,
    31.217622392719));
#410 = LINE('',#411,#412);
#411 = CARTESIAN_POINT('',(12.607695154587,-4.242639993883,
    35.980762113533));
#412 = VECTOR('',#413,1.);
#413 = DIRECTION('',(0.5,0.,-0.866025403784));
#414 = ORIENTED_EDGE('',*,*,#415,.T.);
#415 = EDGE_CURVE('',#406,#416,#418,.T.);
#416 = VERTEX_POINT('',#417);
#417 = CARTESIAN_POINT('',(14.19895039061,-6.03672130291,33.22462719693)
  );
#418 = B_SPLINE_CURVE_WITH_KNOTS('',6,(#419,#420,#421,#422,#423,#424,
    #425,#426,#427,#428,#429,#430,#431,#432,#433,#434,#435,#436,#437,
    #438,#439,#440,#441,#442,#443,#444,#445),.UNSPECIFIED.,.F.,.F.,(7,5,
    5,5,5,7),(0.,0.221249311465,0.438937789959,0.70816863182,
    0.917539548628,1.),.UNSPECIFIED.);
#419 = CARTESIAN_POINT('',(14.5849862963,-4.242637254845,32.55599339473)
  );
#420 = CARTESIAN_POINT('',(14.553077034528,-4.242637259347,
    32.611261857352));
#421 = CARTESIAN_POINT('',(14.520341078543,-4.249412161607,
    32.667962196351));
#422 = CARTESIAN_POINT('',(14.487119921988,-4.263918404724,
    32.725502927392));
#423 = CARTESIAN_POINT('',(14.453870833359,-4.286984966242,
    32.783092038202));
#424 = CARTESIAN_POINT('',(14.421156337215,-4.319012865938,
    32.839755207667));
#425 = CARTESIAN_POINT('',(14.358444750274,-4.399934650541,
    32.948374862472));
#426 = CARTESIAN_POINT('',(14.328402783366,-4.448561287297,
    33.000409075517));
#427 = CARTESIAN_POINT('',(14.299963348316,-4.505508310408,
    33.049667621962));
#428 = CARTESIAN_POINT('',(14.273624303373,-4.570111711717,
    33.095288186026));
#429 = CARTESIAN_POINT('',(14.249776316019,-4.64133659283,
    33.136594111781));
#430 = CARTESIAN_POINT('',(14.20262174113,-4.812793072094,
    33.218268231298));
#431 = CARTESIAN_POINT('',(14.180779220693,-4.915903316969,
    33.25610058646));
#432 = CARTESIAN_POINT('',(14.163666223144,-5.025138930638,
    33.285741167684));
#433 = CARTESIAN_POINT('',(14.151532328772,-5.137987349246,
    33.30675768923));
#434 = CARTESIAN_POINT('',(14.144362878938,-5.252019408596,
    33.319175540606));
#435 = CARTESIAN_POINT('',(14.140017437397,-5.45306020745,
    33.326702066137));
#436 = CARTESIAN_POINT('',(14.140974136391,-5.540433509016,
    33.32504501487));
#437 = CARTESIAN_POINT('',(14.144675806412,-5.626218170076,
    33.318633534321));
#438 = CARTESIAN_POINT('',(14.150925209869,-5.709499087274,
    33.307809250018));
#439 = CARTESIAN_POINT('',(14.159450962892,-5.789540717051,
    33.293042212608));
#440 = CARTESIAN_POINT('',(14.174080403949,-5.895852609456,
    33.267703277411));
#441 = CARTESIAN_POINT('',(14.17851983269,-5.925308000065,
    33.260013961276));
#442 = CARTESIAN_POINT('',(14.183246067874,-5.954146947969,
    33.251827881808));
#443 = CARTESIAN_POINT('',(14.188239795285,-5.982342486427,
    33.243178492213));
#444 = CARTESIAN_POINT('',(14.193481284843,-6.009872815672,
    33.234099965991));
#445 = CARTESIAN_POINT('',(14.19895039061,-6.03672130291,33.22462719693)
  );
#446 = ORIENTED_EDGE('',*,*,#447,.T.);
#447 = EDGE_CURVE('',#416,#448,#450,.T.);
#448 = VERTEX_POINT('',#449);
#449 = CARTESIAN_POINT('',(21.607695154587,-16.,20.392304845413));
#450 = CIRCLE('',#451,16.);
#451 = AXIS2_PLACEMENT_3D('',#452,#453,#454);
#452 = CARTESIAN_POINT('',(21.607695154587,-3.63982285321E-15,
    20.392304845413));
#453 = DIRECTION('',(0.866025403784,1.922962686384E-16,0.5));
#454 = DIRECTION('',(-2.22044604925E-16,1.,1.232595164408E-32));
#455 = ORIENTED_EDGE('',*,*,#456,.F.);
#456 = EDGE_CURVE('',#457,#448,#459,.T.);
#457 = VERTEX_POINT('',#458);
#458 = CARTESIAN_POINT('',(24.607695154587,-18.,15.196152422707));
#459 = CIRCLE('',#460,10.);
#460 = AXIS2_PLACEMENT_3D('',#461,#462,#463);
#461 = CARTESIAN_POINT('',(21.607695154587,-26.,20.392304845413));
#462 = DIRECTION('',(0.866025403784,1.922962686384E-16,0.5));
#463 = DIRECTION('',(-2.22044604925E-16,1.,1.232595164408E-32));
#464 = ORIENTED_EDGE('',*,*,#465,.T.);
#465 = EDGE_CURVE('',#457,#330,#466,.T.);
#466 = CIRCLE('',#467,10.);
#467 = AXIS2_PLACEMENT_3D('',#468,#469,#470);
#468 = CARTESIAN_POINT('',(27.607695154587,-10.,10.));
#469 = DIRECTION('',(0.866025403784,1.922962686384E-16,0.5));
#470 = DIRECTION('',(-2.22044604925E-16,1.,1.232595164408E-32));
#471 = ORIENTED_EDGE('',*,*,#337,.T.);
#472 = ORIENTED_EDGE('',*,*,#48,.F.);
#473 = ORIENTED_EDGE('',*,*,#73,.F.);
#474 = ORIENTED_EDGE('',*,*,#475,.T.);
#475 = EDGE_CURVE('',#74,#476,#478,.T.);
#476 = VERTEX_POINT('',#477);
#477 = CARTESIAN_POINT('',(27.607695154587,20.,10.));
#478 = LINE('',#479,#480);
#479 = CARTESIAN_POINT('',(27.607695154587,-20.,10.));
#480 = VECTOR('',#481,1.);
#481 = DIRECTION('',(-2.22044604925E-16,1.,9.023222855102E-33));
#482 = ORIENTED_EDGE('',*,*,#483,.T.);
#483 = EDGE_CURVE('',#476,#484,#486,.T.);
#484 = VERTEX_POINT('',#485);
#485 = CARTESIAN_POINT('',(24.607695154587,18.,15.196152422707));
#486 = CIRCLE('',#487,10.);
#487 = AXIS2_PLACEMENT_3D('',#488,#489,#490);
#488 = CARTESIAN_POINT('',(27.607695154587,10.,10.));
#489 = DIRECTION('',(0.866025403784,0.,0.5));
#490 = DIRECTION('',(-5.337293624795E-33,-1.,9.244463733059E-33));
#491 = ORIENTED_EDGE('',*,*,#492,.F.);
#492 = EDGE_CURVE('',#493,#484,#495,.T.);
#493 = VERTEX_POINT('',#494);
#494 = CARTESIAN_POINT('',(21.607695154587,16.,20.392304845413));
#495 = CIRCLE('',#496,10.);
#496 = AXIS2_PLACEMENT_3D('',#497,#498,#499);
#497 = CARTESIAN_POINT('',(21.607695154587,26.,20.392304845413));
#498 = DIRECTION('',(0.866025403784,0.,0.5));
#499 = DIRECTION('',(-5.337293624795E-33,-1.,9.244463733059E-33));
#500 = ORIENTED_EDGE('',*,*,#501,.T.);
#501 = EDGE_CURVE('',#493,#502,#504,.T.);
#502 = VERTEX_POINT('',#503);
#503 = CARTESIAN_POINT('',(14.198950419273,6.03672144362,33.224627147285
    ));
#504 = CIRCLE('',#505,16.);
#505 = AXIS2_PLACEMENT_3D('',#506,#507,#508);
#506 = CARTESIAN_POINT('',(21.607695154587,-3.63982285321E-15,
    20.392304845413));
#507 = DIRECTION('',(0.866025403784,1.922962686384E-16,0.5));
#508 = DIRECTION('',(-2.22044604925E-16,1.,1.232595164408E-32));
#509 = ORIENTED_EDGE('',*,*,#510,.F.);
#510 = EDGE_CURVE('',#511,#502,#513,.T.);
#511 = VERTEX_POINT('',#512);
#512 = CARTESIAN_POINT('',(14.58498619836,4.242639993883,32.555993564367
    ));
#513 = B_SPLINE_CURVE_WITH_KNOTS('',6,(#514,#515,#516,#517,#518,#519,
    #520,#521,#522,#523,#524,#525,#526,#527,#528,#529,#530,#531,#532,
    #533,#534,#535,#536,#537,#538,#539,#540),.UNSPECIFIED.,.F.,.F.,(7,5,
    5,5,5,7),(0.,0.221249197527,0.438937524078,0.70816833173,
    0.917539468226,1.),.UNSPECIFIED.);
#514 = CARTESIAN_POINT('',(14.584986285961,4.242640498548,
    32.555993412638));
#515 = CARTESIAN_POINT('',(14.553077021504,4.242640473046,
    32.611261879909));
#516 = CARTESIAN_POINT('',(14.520341069467,4.249415338959,
    32.667962212071));
#517 = CARTESIAN_POINT('',(14.487119923428,4.263921551377,
    32.725502924897));
#518 = CARTESIAN_POINT('',(14.453870850363,4.286988095185,
    32.783092008749));
#519 = CARTESIAN_POINT('',(14.421156373659,4.319015978953,
    32.839755144545));
#520 = CARTESIAN_POINT('',(14.358444828781,4.399937674006,
    32.948374726493));
#521 = CARTESIAN_POINT('',(14.328402885786,4.448564232384,
    33.000408898119));
#522 = CARTESIAN_POINT('',(14.299963478864,4.505511111457,
    33.049667395846));
#523 = CARTESIAN_POINT('',(14.273624464893,4.570114228265,
    33.095287906264));
#524 = CARTESIAN_POINT('',(14.249776497315,4.641338632301,
    33.136593797766));
#525 = CARTESIAN_POINT('',(14.202621919673,4.812793765062,
    33.218267922053));
#526 = CARTESIAN_POINT('',(14.180779374046,4.915903076397,
    33.256100320846));
#527 = CARTESIAN_POINT('',(14.163666316031,5.025137613161,33.2857410068)
  );
#528 = CARTESIAN_POINT('',(14.1515323562,5.13798518634,33.306757641724)
  );
#529 = CARTESIAN_POINT('',(14.144362882321,5.252016891142,
    33.319175534747));
#530 = CARTESIAN_POINT('',(14.140017432578,5.45305782093,33.326702074482
    ));
#531 = CARTESIAN_POINT('',(14.140974146529,5.540431456039,
    33.325044997311));
#532 = CARTESIAN_POINT('',(14.144675844755,5.626216637509,
    33.318633467909));
#533 = CARTESIAN_POINT('',(14.150925266192,5.709498116128,
    33.307809152463));
#534 = CARTESIAN_POINT('',(14.159451018877,5.78954020123,33.293042115639
    ));
#535 = CARTESIAN_POINT('',(14.174080450312,5.895852526265,
    33.267703197107));
#536 = CARTESIAN_POINT('',(14.178519874931,5.925308014623,
    33.260013888111));
#537 = CARTESIAN_POINT('',(14.183246105476,5.954147034101,33.25182781668
    ));
#538 = CARTESIAN_POINT('',(14.188239828488,5.982342616659,
    33.243178434704));
#539 = CARTESIAN_POINT('',(14.193481314749,6.00987296321,33.234099914193
    ));
#540 = CARTESIAN_POINT('',(14.198950419273,6.03672144362,33.224627147285
    ));
#541 = ORIENTED_EDGE('',*,*,#542,.T.);
#542 = EDGE_CURVE('',#511,#543,#545,.T.);
#543 = VERTEX_POINT('',#544);
#544 = CARTESIAN_POINT('',(15.357695154587,4.242639993883,
    31.217622392719));
#545 = LINE('',#546,#547);
#546 = CARTESIAN_POINT('',(12.607695154587,4.242639993883,
    35.980762113533));
#547 = VECTOR('',#548,1.);
#548 = DIRECTION('',(0.5,0.,-0.866025403784));
#549 = ORIENTED_EDGE('',*,*,#550,.T.);
#550 = EDGE_CURVE('',#543,#551,#553,.T.);
#551 = VERTEX_POINT('',#552);
#552 = CARTESIAN_POINT('',(16.107695154587,1.499998039229,
    29.918584287042));
#553 = B_SPLINE_CURVE_WITH_KNOTS('',6,(#554,#555,#556,#557,#558,#559,
    #560,#561,#562,#563,#564,#565,#566,#567,#568,#569,#570,#571,#572,
    #573,#574,#575,#576,#577,#578,#579,#580),.UNSPECIFIED.,.F.,.F.,(7,5,
    5,5,5,7),(0.,0.177803768174,0.267868240694,0.439830476725,
    0.674488217193,1.),.UNSPECIFIED.);
#554 = CARTESIAN_POINT('',(15.357695154587,4.242639993883,
    31.217622392719));
#555 = CARTESIAN_POINT('',(15.405327525394,4.242639993883,
    31.135120706396));
#556 = CARTESIAN_POINT('',(15.452977098652,4.232372162003,
    31.052589224554));
#557 = CARTESIAN_POINT('',(15.500006701859,4.211824152951,
    30.971131562339));
#558 = CARTESIAN_POINT('',(15.545862107524,4.181426057255,
    30.891707669927));
#559 = CARTESIAN_POINT('',(15.590078966033,4.141855476284,
    30.815121824437));
#560 = CARTESIAN_POINT('',(15.653670058938,4.069793706831,
    30.704978820618));
#561 = CARTESIAN_POINT('',(15.674541806808,4.043438249445,
    30.668827892864));
#562 = CARTESIAN_POINT('',(15.694860944883,4.015066968995,
    30.633634113352));
#563 = CARTESIAN_POINT('',(15.714593693335,3.984797058775,
    30.599455990459));
#564 = CARTESIAN_POINT('',(15.733714721092,3.952748141322,
    30.566337398891));
#565 = CARTESIAN_POINT('',(15.787511966864,3.854674551587,
    30.473157835908));
#566 = CARTESIAN_POINT('',(15.82051930932,3.784259981411,30.41598744175)
  );
#567 = CARTESIAN_POINT('',(15.851111757564,3.708606543219,
    30.362999767065));
#568 = CARTESIAN_POINT('',(15.879265639138,3.62849022458,30.314235813747
    ));
#569 = CARTESIAN_POINT('',(15.905024258143,3.54460506735,30.269620576898
    ));
#570 = CARTESIAN_POINT('',(15.960469069916,3.338678651827,
    30.173587345891));
#571 = CARTESIAN_POINT('',(15.98815422952,3.213911830543,30.125635242841
    ));
#572 = CARTESIAN_POINT('',(16.011761651049,3.084618002523,
    30.084745989317));
#573 = CARTESIAN_POINT('',(16.031616491201,2.951925682654,
    30.050356397398));
#574 = CARTESIAN_POINT('',(16.048094011312,2.816670523877,
    30.021816495384));
#575 = CARTESIAN_POINT('',(16.080283792641,2.488921737278,
    29.966062158636));
#576 = CARTESIAN_POINT('',(16.093216765469,2.294678081272,
    29.943661592605));
#577 = CARTESIAN_POINT('',(16.101421729425,2.098003306824,29.92945017816
    ));
#578 = CARTESIAN_POINT('',(16.105909426137,1.89977141965,29.921677259445
    ));
#579 = CARTESIAN_POINT('',(16.107695154587,1.700431629329,
    29.918584287042));
#580 = CARTESIAN_POINT('',(16.107695154587,1.499998039229,
    29.918584287042));
#581 = ORIENTED_EDGE('',*,*,#582,.T.);
#582 = EDGE_CURVE('',#551,#583,#585,.T.);
#583 = VERTEX_POINT('',#584);
#584 = CARTESIAN_POINT('',(16.107695154587,-1.499998039229,
    29.918584287042));
#585 = LINE('',#586,#587);
#586 = CARTESIAN_POINT('',(16.107695154587,4.242639993883,
    29.918584287042));
#587 = VECTOR('',#588,1.);
#588 = DIRECTION('',(8.660254037844E-17,-1.,5.E-17));
#589 = ORIENTED_EDGE('',*,*,#590,.F.);
#590 = EDGE_CURVE('',#408,#583,#591,.T.);
#591 = B_SPLINE_CURVE_WITH_KNOTS('',6,(#592,#593,#594,#595,#596,#597,
    #598,#599,#600,#601,#602,#603,#604,#605,#606,#607,#608,#609,#610,
    #611,#612,#613,#614,#615,#616,#617,#618),.UNSPECIFIED.,.F.,.F.,(7,5,
    5,5,5,7),(0.,0.177803768182,0.267868240703,0.439830476735,
    0.674488217205,1.),.UNSPECIFIED.);
#592 = CARTESIAN_POINT('',(15.357695154587,-4.242639993883,
    31.217622392719));
#593 = CARTESIAN_POINT('',(15.405327525396,-4.242639993883,
    31.135120706392));
#594 = CARTESIAN_POINT('',(15.452977098656,-4.232372162002,
    31.052589224546));
#595 = CARTESIAN_POINT('',(15.500006701866,-4.211824152948,
    30.971131562328));
#596 = CARTESIAN_POINT('',(15.545862107532,-4.181426057249,
    30.891707669912));
#597 = CARTESIAN_POINT('',(15.590078966043,-4.141855476275,
    30.81512182442));
#598 = CARTESIAN_POINT('',(15.653670058949,-4.069793706817,
    30.704978820598));
#599 = CARTESIAN_POINT('',(15.674541806819,-4.04343824943,
    30.668827892844));
#600 = CARTESIAN_POINT('',(15.694860944894,-4.015066968979,
    30.633634113333));
#601 = CARTESIAN_POINT('',(15.714593693346,-3.984797058758,
    30.59945599044));
#602 = CARTESIAN_POINT('',(15.733714721103,-3.952748141304,
    30.566337398872));
#603 = CARTESIAN_POINT('',(15.787511966874,-3.854674551566,
    30.47315783589));
#604 = CARTESIAN_POINT('',(15.82051930933,-3.784259981388,
    30.415987441733));
#605 = CARTESIAN_POINT('',(15.851111757573,-3.708606543194,
    30.362999767048));
#606 = CARTESIAN_POINT('',(15.879265639148,-3.628490224553,
    30.314235813731));
#607 = CARTESIAN_POINT('',(15.905024258151,-3.544605067321,
    30.269620576884));
#608 = CARTESIAN_POINT('',(15.960469069923,-3.338678651795,
    30.173587345878));
#609 = CARTESIAN_POINT('',(15.988154229527,-3.213911830508,
    30.125635242829));
#610 = CARTESIAN_POINT('',(16.011761651055,-3.084618002486,
    30.084745989306));
#611 = CARTESIAN_POINT('',(16.031616491207,-2.951925682614,
    30.050356397388));
#612 = CARTESIAN_POINT('',(16.048094011316,-2.816670523835,
    30.021816495375));
#613 = CARTESIAN_POINT('',(16.080283792644,-2.488921737241,
    29.966062158632));
#614 = CARTESIAN_POINT('',(16.09321676547,-2.294678081242,
    29.943661592603));
#615 = CARTESIAN_POINT('',(16.101421729425,-2.098003306801,
    29.929450178159));
#616 = CARTESIAN_POINT('',(16.105909426137,-1.899771419635,
    29.921677259445));
#617 = CARTESIAN_POINT('',(16.107695154587,-1.700431629321,
    29.918584287042));
#618 = CARTESIAN_POINT('',(16.107695154587,-1.499998039229,
    29.918584287042));
#619 = PLANE('',#620);
#620 = AXIS2_PLACEMENT_3D('',#621,#622,#623);
#621 = CARTESIAN_POINT('',(19.357695154587,-4.449256792522E-15,
    24.289419162443));
#622 = DIRECTION('',(0.866025403784,1.387829175704E-16,0.5));
#623 = DIRECTION('',(-0.5,0.,0.866025403784));
#624 = ADVANCED_FACE('',(#625),#636,.F.);
#625 = FACE_BOUND('',#626,.F.);
#626 = EDGE_LOOP('',(#627,#628,#629,#635));
#627 = ORIENTED_EDGE('',*,*,#82,.F.);
#628 = ORIENTED_EDGE('',*,*,#475,.T.);
#629 = ORIENTED_EDGE('',*,*,#630,.F.);
#630 = EDGE_CURVE('',#354,#476,#631,.T.);
#631 = LINE('',#632,#633);
#632 = CARTESIAN_POINT('',(38.,20.,16.));
#633 = VECTOR('',#634,1.);
#634 = DIRECTION('',(-0.866025403784,-2.576281494458E-17,-0.5));
#635 = ORIENTED_EDGE('',*,*,#353,.F.);
#636 = PLANE('',#637);
#637 = AXIS2_PLACEMENT_3D('',#638,#639,#640);
#638 = CARTESIAN_POINT('',(28.473720558371,-20.,10.5));
#639 = DIRECTION('',(0.5,1.110223024625E-16,-0.866025403784));
#640 = DIRECTION('',(-2.22044604925E-16,1.,1.232595164408E-32));
#641 = ADVANCED_FACE('',(#642,#946,#957,#968,#971,#982,#993),#1004,.F.);
#642 = FACE_BOUND('',#643,.F.);
#643 = EDGE_LOOP('',(#644,#655,#664,#672,#681,#690,#699,#707,#726,#748,
    #779,#788,#819,#850,#859,#890,#912,#931,#939));
#644 = ORIENTED_EDGE('',*,*,#645,.F.);
#645 = EDGE_CURVE('',#646,#648,#650,.T.);
#646 = VERTEX_POINT('',#647);
#647 = CARTESIAN_POINT('',(37.230769230769,-13.04615384615,0.));
#648 = VERTEX_POINT('',#649);
#649 = CARTESIAN_POINT('',(33.046153846154,-17.23076923076,0.));
#650 = CIRCLE('',#651,3.2);
#651 = AXIS2_PLACEMENT_3D('',#652,#653,#654);
#652 = CARTESIAN_POINT('',(36.,-16.,0.));
#653 = DIRECTION('',(0.,0.,1.));
#654 = DIRECTION('',(1.,0.,0.));
#655 = ORIENTED_EDGE('',*,*,#656,.T.);
#656 = EDGE_CURVE('',#646,#657,#659,.T.);
#657 = VERTEX_POINT('',#658);
#658 = CARTESIAN_POINT('',(40.,-11.2,0.));
#659 = CIRCLE('',#660,2.);
#660 = AXIS2_PLACEMENT_3D('',#661,#662,#663);
#661 = CARTESIAN_POINT('',(38.,-11.2,0.));
#662 = DIRECTION('',(0.,0.,1.));
#663 = DIRECTION('',(1.,0.,0.));
#664 = ORIENTED_EDGE('',*,*,#665,.T.);
#665 = EDGE_CURVE('',#657,#666,#668,.T.);
#666 = VERTEX_POINT('',#667);
#667 = CARTESIAN_POINT('',(40.,11.2,0.));
#668 = LINE('',#669,#670);
#669 = CARTESIAN_POINT('',(40.,-16.,0.));
#670 = VECTOR('',#671,1.);
#671 = DIRECTION('',(0.,1.,0.));
#672 = ORIENTED_EDGE('',*,*,#673,.F.);
#673 = EDGE_CURVE('',#674,#666,#676,.T.);
#674 = VERTEX_POINT('',#675);
#675 = CARTESIAN_POINT('',(37.230769230769,13.046153846154,0.));
#676 = CIRCLE('',#677,2.);
#677 = AXIS2_PLACEMENT_3D('',#678,#679,#680);
#678 = CARTESIAN_POINT('',(38.,11.2,0.));
#679 = DIRECTION('',(0.,0.,-1.));
#680 = DIRECTION('',(1.,0.,0.));
#681 = ORIENTED_EDGE('',*,*,#682,.T.);
#682 = EDGE_CURVE('',#674,#683,#685,.T.);
#683 = VERTEX_POINT('',#684);
#684 = CARTESIAN_POINT('',(33.046153846154,17.230769230769,0.));
#685 = CIRCLE('',#686,3.2);
#686 = AXIS2_PLACEMENT_3D('',#687,#688,#689);
#687 = CARTESIAN_POINT('',(36.,16.,0.));
#688 = DIRECTION('',(0.,0.,-1.));
#689 = DIRECTION('',(1.,0.,0.));
#690 = ORIENTED_EDGE('',*,*,#691,.F.);
#691 = EDGE_CURVE('',#692,#683,#694,.T.);
#692 = VERTEX_POINT('',#693);
#693 = CARTESIAN_POINT('',(31.2,20.,0.));
#694 = CIRCLE('',#695,2.);
#695 = AXIS2_PLACEMENT_3D('',#696,#697,#698);
#696 = CARTESIAN_POINT('',(31.2,18.,0.));
#697 = DIRECTION('',(0.,0.,-1.));
#698 = DIRECTION('',(1.,0.,0.));
#699 = ORIENTED_EDGE('',*,*,#700,.T.);
#700 = EDGE_CURVE('',#692,#701,#703,.T.);
#701 = VERTEX_POINT('',#702);
#702 = CARTESIAN_POINT('',(24.076143074567,20.,4.47197834319E-13));
#703 = LINE('',#704,#705);
#704 = CARTESIAN_POINT('',(36.,20.,0.));
#705 = VECTOR('',#706,1.);
#706 = DIRECTION('',(-1.,0.,0.));
#707 = ORIENTED_EDGE('',*,*,#708,.F.);
#708 = EDGE_CURVE('',#709,#701,#711,.T.);
#709 = VERTEX_POINT('',#710);
#710 = CARTESIAN_POINT('',(18.37024972617,18.,-1.7763568394E-15));
#711 = B_SPLINE_CURVE_WITH_KNOTS('',5,(#712,#713,#714,#715,#716,#717,
    #718,#719,#720,#721,#722,#723,#724,#725),.UNSPECIFIED.,.F.,.F.,(6,4,
    4,6),(0.,0.311734572826,0.619542748779,1.),.UNSPECIFIED.);
#712 = CARTESIAN_POINT('',(18.37024972617,18.,0.));
#713 = CARTESIAN_POINT('',(18.673365209178,18.23576612589,0.));
#714 = CARTESIAN_POINT('',(18.988011247977,18.456687027895,0.));
#715 = CARTESIAN_POINT('',(19.313301533125,18.66190084724,0.));
#716 = CARTESIAN_POINT('',(19.648259970665,18.850596810345,0.));
#717 = CARTESIAN_POINT('',(20.331043027036,19.191292954558,0.));
#718 = CARTESIAN_POINT('',(20.678652256105,19.343725297257,0.));
#719 = CARTESIAN_POINT('',(21.03361145772,19.478599530336,0.));
#720 = CARTESIAN_POINT('',(21.394796721427,19.595249968298,0.));
#721 = CARTESIAN_POINT('',(22.213601992363,19.814009435388,0.));
#722 = CARTESIAN_POINT('',(22.673861538669,19.906187825965,0.));
#723 = CARTESIAN_POINT('',(23.139454649307,19.968502896082,0.));
#724 = CARTESIAN_POINT('',(23.607822102078,20.,0.));
#725 = CARTESIAN_POINT('',(24.076143074567,20.,0.));
#726 = ORIENTED_EDGE('',*,*,#727,.T.);
#727 = EDGE_CURVE('',#709,#728,#730,.T.);
#728 = VERTEX_POINT('',#729);
#729 = CARTESIAN_POINT('',(12.538700423416,16.,0.));
#730 = B_SPLINE_CURVE_WITH_KNOTS('',6,(#731,#732,#733,#734,#735,#736,
    #737,#738,#739,#740,#741,#742,#743,#744,#745,#746,#747),
  .UNSPECIFIED.,.F.,.F.,(7,5,5,7),(0.,0.438924896904,0.815749274558,1.),
  .UNSPECIFIED.);
#731 = CARTESIAN_POINT('',(18.37024972617,18.,0.));
#732 = CARTESIAN_POINT('',(18.007678072789,17.717988295329,0.));
#733 = CARTESIAN_POINT('',(17.628831199123,17.456883790832,0.));
#734 = CARTESIAN_POINT('',(17.235160548044,17.21798546564,0.));
#735 = CARTESIAN_POINT('',(16.828254481219,17.002390116211,0.));
#736 = CARTESIAN_POINT('',(16.409824363464,16.811014678484,0.));
#737 = CARTESIAN_POINT('',(15.614177728746,16.501680403316,0.));
#738 = CARTESIAN_POINT('',(15.239490251545,16.377159378128,0.));
#739 = CARTESIAN_POINT('',(14.858812802065,16.27146023213,0.));
#740 = CARTESIAN_POINT('',(14.473329917545,16.184912075057,0.));
#741 = CARTESIAN_POINT('',(14.084248966206,16.117728886869,0.));
#742 = CARTESIAN_POINT('',(13.501395079821,16.046685559057,0.));
#743 = CARTESIAN_POINT('',(13.309424199352,16.028010294368,0.));
#744 = CARTESIAN_POINT('',(13.117027434097,16.014001515469,0.));
#745 = CARTESIAN_POINT('',(12.92434681159,16.00466492419,0.));
#746 = CARTESIAN_POINT('',(12.731524023056,16.,0.));
#747 = CARTESIAN_POINT('',(12.538700423416,16.,0.));
#748 = ORIENTED_EDGE('',*,*,#749,.F.);
#749 = EDGE_CURVE('',#750,#728,#752,.T.);
#750 = VERTEX_POINT('',#751);
#751 = CARTESIAN_POINT('',(6.912599685293,14.938509032904,0.));
#752 = B_SPLINE_CURVE_WITH_KNOTS('',7,(#753,#754,#755,#756,#757,#758,
    #759,#760,#761,#762,#763,#764,#765,#766,#767,#768,#769,#770,#771,
    #772,#773,#774,#775,#776,#777,#778),.UNSPECIFIED.,.F.,.F.,(8,6,6,6,8
    ),(0.,0.401117526861,0.552486827592,0.74909127272,1.),
  .UNSPECIFIED.);
#753 = CARTESIAN_POINT('',(-3.238038590719,4.791349031704E-16,0.));
#754 = CARTESIAN_POINT('',(-3.238038590719,1.42947746133,0.));
#755 = CARTESIAN_POINT('',(-3.090354209922,2.859327270757,0.));
#756 = CARTESIAN_POINT('',(-2.794855453774,4.27057233246,0.));
#757 = CARTESIAN_POINT('',(-2.354528562426,5.645046987566,0.));
#758 = CARTESIAN_POINT('',(-1.774762204578,6.965270110171,0.));
#759 = CARTESIAN_POINT('',(-1.063364769158,8.214439333256,0.));
#760 = CARTESIAN_POINT('',(8.273549419551E-02,9.815384678824,0.));
#761 = CARTESIAN_POINT('',(0.413960739855,10.241683910721,0.));
#762 = CARTESIAN_POINT('',(0.761839815307,10.654830247326,0.));
#763 = CARTESIAN_POINT('',(1.125763107828,11.054029098582,0.));
#764 = CARTESIAN_POINT('',(1.505076112969,11.438519915331,0.));
#765 = CARTESIAN_POINT('',(1.899079131809,11.807576684402,0.));
#766 = CARTESIAN_POINT('',(2.836885781269,12.618910150043,0.));
#767 = CARTESIAN_POINT('',(3.390280424423,13.050119223889,0.));
#768 = CARTESIAN_POINT('',(3.965572846932,13.45261530343,0.));
#769 = CARTESIAN_POINT('',(4.561018238483,13.825006088477,0.));
#770 = CARTESIAN_POINT('',(5.174769438342,14.166020979354,0.));
#771 = CARTESIAN_POINT('',(5.804875457481,14.474514264407,0.));
#772 = CARTESIAN_POINT('',(7.271662674585,15.100389331452,0.));
#773 = CARTESIAN_POINT('',(8.117380980397,15.396712465313,0.));
#774 = CARTESIAN_POINT('',(8.982118871186,15.636326875081,0.));
#775 = CARTESIAN_POINT('',(9.861381692866,15.817540196077,0.));
#776 = CARTESIAN_POINT('',(10.750498244433,15.939056215352,0.));
#777 = CARTESIAN_POINT('',(11.644618402534,16.,0.));
#778 = CARTESIAN_POINT('',(12.538700423416,16.,0.));
#779 = ORIENTED_EDGE('',*,*,#780,.T.);
#780 = EDGE_CURVE('',#750,#781,#783,.T.);
#781 = VERTEX_POINT('',#782);
#782 = CARTESIAN_POINT('',(3.328710708785,12.973554777053,0.));
#783 = CIRCLE('',#784,3.1);
#784 = AXIS2_PLACEMENT_3D('',#785,#786,#787);
#785 = CARTESIAN_POINT('',(4.,16.,0.));
#786 = DIRECTION('',(0.,0.,-1.));
#787 = DIRECTION('',(1.,0.,0.));
#788 = ORIENTED_EDGE('',*,*,#789,.F.);
#789 = EDGE_CURVE('',#790,#781,#792,.T.);
#790 = VERTEX_POINT('',#791);
#791 = CARTESIAN_POINT('',(-3.238038590719,-3.552713678801E-15,0.));
#792 = B_SPLINE_CURVE_WITH_KNOTS('',7,(#793,#794,#795,#796,#797,#798,
    #799,#800,#801,#802,#803,#804,#805,#806,#807,#808,#809,#810,#811,
    #812,#813,#814,#815,#816,#817,#818),.UNSPECIFIED.,.F.,.F.,(8,6,6,6,8
    ),(0.,0.401117526861,0.552486827592,0.74909127272,1.),
  .UNSPECIFIED.);
#793 = CARTESIAN_POINT('',(-3.238038590719,4.791349031704E-16,0.));
#794 = CARTESIAN_POINT('',(-3.238038590719,1.42947746133,0.));
#795 = CARTESIAN_POINT('',(-3.090354209922,2.859327270757,0.));
#796 = CARTESIAN_POINT('',(-2.794855453774,4.27057233246,0.));
#797 = CARTESIAN_POINT('',(-2.354528562426,5.645046987566,0.));
#798 = CARTESIAN_POINT('',(-1.774762204578,6.965270110171,0.));
#799 = CARTESIAN_POINT('',(-1.063364769158,8.214439333256,0.));
#800 = CARTESIAN_POINT('',(8.273549419551E-02,9.815384678824,0.));
#801 = CARTESIAN_POINT('',(0.413960739855,10.241683910721,0.));
#802 = CARTESIAN_POINT('',(0.761839815307,10.654830247326,0.));
#803 = CARTESIAN_POINT('',(1.125763107828,11.054029098582,0.));
#804 = CARTESIAN_POINT('',(1.505076112969,11.438519915331,0.));
#805 = CARTESIAN_POINT('',(1.899079131809,11.807576684402,0.));
#806 = CARTESIAN_POINT('',(2.836885781269,12.618910150043,0.));
#807 = CARTESIAN_POINT('',(3.390280424423,13.050119223889,0.));
#808 = CARTESIAN_POINT('',(3.965572846932,13.45261530343,0.));
#809 = CARTESIAN_POINT('',(4.561018238483,13.825006088477,0.));
#810 = CARTESIAN_POINT('',(5.174769438342,14.166020979354,0.));
#811 = CARTESIAN_POINT('',(5.804875457481,14.474514264407,0.));
#812 = CARTESIAN_POINT('',(7.271662674585,15.100389331452,0.));
#813 = CARTESIAN_POINT('',(8.117380980397,15.396712465313,0.));
#814 = CARTESIAN_POINT('',(8.982118871186,15.636326875081,0.));
#815 = CARTESIAN_POINT('',(9.861381692866,15.817540196077,0.));
#816 = CARTESIAN_POINT('',(10.750498244433,15.939056215352,0.));
#817 = CARTESIAN_POINT('',(11.644618402534,16.,0.));
#818 = CARTESIAN_POINT('',(12.538700423416,16.,0.));
#819 = ORIENTED_EDGE('',*,*,#820,.T.);
#820 = EDGE_CURVE('',#790,#821,#823,.T.);
#821 = VERTEX_POINT('',#822);
#822 = CARTESIAN_POINT('',(3.328710708785,-12.97355477705,0.));
#823 = B_SPLINE_CURVE_WITH_KNOTS('',7,(#824,#825,#826,#827,#828,#829,
    #830,#831,#832,#833,#834,#835,#836,#837,#838,#839,#840,#841,#842,
    #843,#844,#845,#846,#847,#848,#849),.UNSPECIFIED.,.F.,.F.,(8,6,6,6,8
    ),(0.,0.401117526866,0.552486827597,0.749091272725,1.),
  .UNSPECIFIED.);
#824 = CARTESIAN_POINT('',(-3.238038590719,-1.11462820728E-14,0.));
#825 = CARTESIAN_POINT('',(-3.238038590719,-1.429477461355,0.));
#826 = CARTESIAN_POINT('',(-3.090354209922,-2.859327270758,0.));
#827 = CARTESIAN_POINT('',(-2.794855453756,-4.270572332559,0.));
#828 = CARTESIAN_POINT('',(-2.354528562417,-5.645046987584,0.));
#829 = CARTESIAN_POINT('',(-1.774762204537,-6.965270110267,0.));
#830 = CARTESIAN_POINT('',(-1.063364769113,-8.214439333336,0.));
#831 = CARTESIAN_POINT('',(8.273549426417E-02,-9.815384678913,0.));
#832 = CARTESIAN_POINT('',(0.413960739927,-10.2416839108,0.));
#833 = CARTESIAN_POINT('',(0.761839815381,-10.65483024741,0.));
#834 = CARTESIAN_POINT('',(1.125763107905,-11.05402909866,0.));
#835 = CARTESIAN_POINT('',(1.505076113049,-11.43851991541,0.));
#836 = CARTESIAN_POINT('',(1.899079131892,-11.80757668447,0.));
#837 = CARTESIAN_POINT('',(2.836885781358,-12.61891015011,0.));
#838 = CARTESIAN_POINT('',(3.390280424514,-13.05011922395,0.));
#839 = CARTESIAN_POINT('',(3.965572847026,-13.45261530349,0.));
#840 = CARTESIAN_POINT('',(4.56101823858,-13.82500608853,0.));
#841 = CARTESIAN_POINT('',(5.174769438441,-14.1660209794,0.));
#842 = CARTESIAN_POINT('',(5.804875457581,-14.47451426445,0.));
#843 = CARTESIAN_POINT('',(7.271662674674,-15.10038933148,0.));
#844 = CARTESIAN_POINT('',(8.117380980477,-15.39671246533,0.));
#845 = CARTESIAN_POINT('',(8.982118871247,-15.63632687509,0.));
#846 = CARTESIAN_POINT('',(9.861381692913,-15.81754019608,0.));
#847 = CARTESIAN_POINT('',(10.750498244467,-15.93905621535,0.));
#848 = CARTESIAN_POINT('',(11.644618402549,-16.,0.));
#849 = CARTESIAN_POINT('',(12.538700423416,-16.,0.));
#850 = ORIENTED_EDGE('',*,*,#851,.F.);
#851 = EDGE_CURVE('',#852,#821,#854,.T.);
#852 = VERTEX_POINT('',#853);
#853 = CARTESIAN_POINT('',(6.912599685293,-14.9385090329,0.));
#854 = CIRCLE('',#855,3.1);
#855 = AXIS2_PLACEMENT_3D('',#856,#857,#858);
#856 = CARTESIAN_POINT('',(4.,-16.,0.));
#857 = DIRECTION('',(0.,0.,1.));
#858 = DIRECTION('',(1.,0.,0.));
#859 = ORIENTED_EDGE('',*,*,#860,.T.);
#860 = EDGE_CURVE('',#852,#861,#863,.T.);
#861 = VERTEX_POINT('',#862);
#862 = CARTESIAN_POINT('',(12.538700423416,-16.,0.));
#863 = B_SPLINE_CURVE_WITH_KNOTS('',7,(#864,#865,#866,#867,#868,#869,
    #870,#871,#872,#873,#874,#875,#876,#877,#878,#879,#880,#881,#882,
    #883,#884,#885,#886,#887,#888,#889),.UNSPECIFIED.,.F.,.F.,(8,6,6,6,8
    ),(0.,0.401117526866,0.552486827597,0.749091272725,1.),
  .UNSPECIFIED.);
#864 = CARTESIAN_POINT('',(-3.238038590719,-1.11462820728E-14,0.));
#865 = CARTESIAN_POINT('',(-3.238038590719,-1.429477461355,0.));
#866 = CARTESIAN_POINT('',(-3.090354209922,-2.859327270758,0.));
#867 = CARTESIAN_POINT('',(-2.794855453756,-4.270572332559,0.));
#868 = CARTESIAN_POINT('',(-2.354528562417,-5.645046987584,0.));
#869 = CARTESIAN_POINT('',(-1.774762204537,-6.965270110267,0.));
#870 = CARTESIAN_POINT('',(-1.063364769113,-8.214439333336,0.));
#871 = CARTESIAN_POINT('',(8.273549426417E-02,-9.815384678913,0.));
#872 = CARTESIAN_POINT('',(0.413960739927,-10.2416839108,0.));
#873 = CARTESIAN_POINT('',(0.761839815381,-10.65483024741,0.));
#874 = CARTESIAN_POINT('',(1.125763107905,-11.05402909866,0.));
#875 = CARTESIAN_POINT('',(1.505076113049,-11.43851991541,0.));
#876 = CARTESIAN_POINT('',(1.899079131892,-11.80757668447,0.));
#877 = CARTESIAN_POINT('',(2.836885781358,-12.61891015011,0.));
#878 = CARTESIAN_POINT('',(3.390280424514,-13.05011922395,0.));
#879 = CARTESIAN_POINT('',(3.965572847026,-13.45261530349,0.));
#880 = CARTESIAN_POINT('',(4.56101823858,-13.82500608853,0.));
#881 = CARTESIAN_POINT('',(5.174769438441,-14.1660209794,0.));
#882 = CARTESIAN_POINT('',(5.804875457581,-14.47451426445,0.));
#883 = CARTESIAN_POINT('',(7.271662674674,-15.10038933148,0.));
#884 = CARTESIAN_POINT('',(8.117380980477,-15.39671246533,0.));
#885 = CARTESIAN_POINT('',(8.982118871247,-15.63632687509,0.));
#886 = CARTESIAN_POINT('',(9.861381692913,-15.81754019608,0.));
#887 = CARTESIAN_POINT('',(10.750498244467,-15.93905621535,0.));
#888 = CARTESIAN_POINT('',(11.644618402549,-16.,0.));
#889 = CARTESIAN_POINT('',(12.538700423416,-16.,0.));
#890 = ORIENTED_EDGE('',*,*,#891,.F.);
#891 = EDGE_CURVE('',#892,#861,#894,.T.);
#892 = VERTEX_POINT('',#893);
#893 = CARTESIAN_POINT('',(18.37024972617,-18.,-1.7763568394E-15));
#894 = B_SPLINE_CURVE_WITH_KNOTS('',6,(#895,#896,#897,#898,#899,#900,
    #901,#902,#903,#904,#905,#906,#907,#908,#909,#910,#911),
  .UNSPECIFIED.,.F.,.F.,(7,5,5,7),(0.,0.438924896904,0.815749274558,1.),
  .UNSPECIFIED.);
#895 = CARTESIAN_POINT('',(18.37024972617,-18.,0.));
#896 = CARTESIAN_POINT('',(18.007678072789,-17.71798829532,0.));
#897 = CARTESIAN_POINT('',(17.628831199123,-17.45688379083,0.));
#898 = CARTESIAN_POINT('',(17.235160548044,-17.21798546564,0.));
#899 = CARTESIAN_POINT('',(16.828254481219,-17.00239011621,0.));
#900 = CARTESIAN_POINT('',(16.409824363464,-16.81101467848,0.));
#901 = CARTESIAN_POINT('',(15.614177728746,-16.50168040331,0.));
#902 = CARTESIAN_POINT('',(15.239490251545,-16.37715937812,0.));
#903 = CARTESIAN_POINT('',(14.858812802065,-16.27146023213,0.));
#904 = CARTESIAN_POINT('',(14.473329917545,-16.18491207505,0.));
#905 = CARTESIAN_POINT('',(14.084248966206,-16.11772888686,0.));
#906 = CARTESIAN_POINT('',(13.501395079821,-16.04668555905,0.));
#907 = CARTESIAN_POINT('',(13.309424199352,-16.02801029436,0.));
#908 = CARTESIAN_POINT('',(13.117027434097,-16.01400151546,0.));
#909 = CARTESIAN_POINT('',(12.92434681159,-16.00466492419,0.));
#910 = CARTESIAN_POINT('',(12.731524023056,-16.,0.));
#911 = CARTESIAN_POINT('',(12.538700423416,-16.,0.));
#912 = ORIENTED_EDGE('',*,*,#913,.T.);
#913 = EDGE_CURVE('',#892,#914,#916,.T.);
#914 = VERTEX_POINT('',#915);
#915 = CARTESIAN_POINT('',(24.076143074567,-20.,4.47197834319E-13));
#916 = B_SPLINE_CURVE_WITH_KNOTS('',5,(#917,#918,#919,#920,#921,#922,
    #923,#924,#925,#926,#927,#928,#929,#930),.UNSPECIFIED.,.F.,.F.,(6,4,
    4,6),(0.,0.311734572826,0.619542748779,1.),.UNSPECIFIED.);
#917 = CARTESIAN_POINT('',(18.37024972617,-18.,0.));
#918 = CARTESIAN_POINT('',(18.673365209178,-18.23576612589,0.));
#919 = CARTESIAN_POINT('',(18.988011247977,-18.45668702789,0.));
#920 = CARTESIAN_POINT('',(19.313301533125,-18.66190084724,0.));
#921 = CARTESIAN_POINT('',(19.648259970665,-18.85059681034,0.));
#922 = CARTESIAN_POINT('',(20.331043027036,-19.19129295455,0.));
#923 = CARTESIAN_POINT('',(20.678652256105,-19.34372529725,0.));
#924 = CARTESIAN_POINT('',(21.03361145772,-19.47859953033,0.));
#925 = CARTESIAN_POINT('',(21.394796721427,-19.59524996829,0.));
#926 = CARTESIAN_POINT('',(22.213601992363,-19.81400943538,0.));
#927 = CARTESIAN_POINT('',(22.67386153867,-19.90618782596,0.));
#928 = CARTESIAN_POINT('',(23.139454649306,-19.96850289608,0.));
#929 = CARTESIAN_POINT('',(23.607822102078,-20.,0.));
#930 = CARTESIAN_POINT('',(24.076143074567,-20.,0.));
#931 = ORIENTED_EDGE('',*,*,#932,.T.);
#932 = EDGE_CURVE('',#914,#933,#935,.T.);
#933 = VERTEX_POINT('',#934);
#934 = CARTESIAN_POINT('',(31.2,-20.,0.));
#935 = LINE('',#936,#937);
#936 = CARTESIAN_POINT('',(-16.,-20.,0.));
#937 = VECTOR('',#938,1.);
#938 = DIRECTION('',(1.,0.,0.));
#939 = ORIENTED_EDGE('',*,*,#940,.T.);
#940 = EDGE_CURVE('',#933,#648,#941,.T.);
#941 = CIRCLE('',#942,2.);
#942 = AXIS2_PLACEMENT_3D('',#943,#944,#945);
#943 = CARTESIAN_POINT('',(31.2,-18.,0.));
#944 = DIRECTION('',(0.,0.,1.));
#945 = DIRECTION('',(1.,0.,0.));
#946 = FACE_BOUND('',#947,.F.);
#947 = EDGE_LOOP('',(#948));
#948 = ORIENTED_EDGE('',*,*,#949,.F.);
#949 = EDGE_CURVE('',#950,#950,#952,.T.);
#950 = VERTEX_POINT('',#951);
#951 = CARTESIAN_POINT('',(8.25,-7.,0.));
#952 = CIRCLE('',#953,1.25);
#953 = AXIS2_PLACEMENT_3D('',#954,#955,#956);
#954 = CARTESIAN_POINT('',(7.,-7.,0.));
#955 = DIRECTION('',(0.,0.,1.));
#956 = DIRECTION('',(1.,0.,0.));
#957 = FACE_BOUND('',#958,.F.);
#958 = EDGE_LOOP('',(#959));
#959 = ORIENTED_EDGE('',*,*,#960,.T.);
#960 = EDGE_CURVE('',#961,#961,#963,.T.);
#961 = VERTEX_POINT('',#962);
#962 = CARTESIAN_POINT('',(12.7,-10.,0.));
#963 = CIRCLE('',#964,2.3);
#964 = AXIS2_PLACEMENT_3D('',#965,#966,#967);
#965 = CARTESIAN_POINT('',(15.,-10.,0.));
#966 = DIRECTION('',(0.,0.,-1.));
#967 = DIRECTION('',(-1.,0.,0.));
#968 = FACE_BOUND('',#969,.F.);
#969 = EDGE_LOOP('',(#970));
#970 = ORIENTED_EDGE('',*,*,#65,.F.);
#971 = FACE_BOUND('',#972,.F.);
#972 = EDGE_LOOP('',(#973));
#973 = ORIENTED_EDGE('',*,*,#974,.F.);
#974 = EDGE_CURVE('',#975,#975,#977,.T.);
#975 = VERTEX_POINT('',#976);
#976 = CARTESIAN_POINT('',(8.25,7.,0.));
#977 = CIRCLE('',#978,1.25);
#978 = AXIS2_PLACEMENT_3D('',#979,#980,#981);
#979 = CARTESIAN_POINT('',(7.,7.,0.));
#980 = DIRECTION('',(0.,0.,1.));
#981 = DIRECTION('',(1.,0.,0.));
#982 = FACE_BOUND('',#983,.F.);
#983 = EDGE_LOOP('',(#984));
#984 = ORIENTED_EDGE('',*,*,#985,.T.);
#985 = EDGE_CURVE('',#986,#986,#988,.T.);
#986 = VERTEX_POINT('',#987);
#987 = CARTESIAN_POINT('',(12.7,10.,0.));
#988 = CIRCLE('',#989,2.3);
#989 = AXIS2_PLACEMENT_3D('',#990,#991,#992);
#990 = CARTESIAN_POINT('',(15.,10.,0.));
#991 = DIRECTION('',(0.,0.,-1.));
#992 = DIRECTION('',(-1.,0.,0.));
#993 = FACE_BOUND('',#994,.F.);
#994 = EDGE_LOOP('',(#995));
#995 = ORIENTED_EDGE('',*,*,#996,.T.);
#996 = EDGE_CURVE('',#997,#997,#999,.T.);
#997 = VERTEX_POINT('',#998);
#998 = CARTESIAN_POINT('',(27.7,0.,0.));
#999 = CIRCLE('',#1000,2.3);
#1000 = AXIS2_PLACEMENT_3D('',#1001,#1002,#1003);
#1001 = CARTESIAN_POINT('',(30.,0.,0.));
#1002 = DIRECTION('',(0.,0.,-1.));
#1003 = DIRECTION('',(-1.,0.,0.));
#1004 = PLANE('',#1005);
#1005 = AXIS2_PLACEMENT_3D('',#1006,#1007,#1008);
#1006 = CARTESIAN_POINT('',(10.,1.017E-14,0.));
#1007 = DIRECTION('',(0.,0.,1.));
#1008 = DIRECTION('',(1.,0.,0.));
#1009 = ADVANCED_FACE('',(#1010),#1053,.T.);
#1010 = FACE_BOUND('',#1011,.F.);
#1011 = EDGE_LOOP('',(#1012,#1044,#1045,#1046));
#1012 = ORIENTED_EDGE('',*,*,#1013,.F.);
#1013 = EDGE_CURVE('',#124,#1014,#1016,.T.);
#1014 = VERTEX_POINT('',#1015);
#1015 = CARTESIAN_POINT('',(27.221794475734,-8.960190169382,
    34.668399582449));
#1016 = B_SPLINE_CURVE_WITH_KNOTS('',6,(#1017,#1018,#1019,#1020,#1021,
    #1022,#1023,#1024,#1025,#1026,#1027,#1028,#1029,#1030,#1031,#1032,
    #1033,#1034,#1035,#1036,#1037,#1038,#1039,#1040,#1041,#1042,#1043),
  .UNSPECIFIED.,.F.,.F.,(7,5,5,5,5,7),(0.,0.196253565766,0.392799746991,
    0.705002588609,0.991402828417,1.),.UNSPECIFIED.);
#1017 = CARTESIAN_POINT('',(26.655696636079,-8.135730209822,
    33.648909802786));
#1018 = CARTESIAN_POINT('',(26.700493409862,-8.135730209822,
    33.674773232189));
#1019 = CARTESIAN_POINT('',(26.744288871714,-8.138300032205,
    33.702371877239));
#1020 = CARTESIAN_POINT('',(26.786863708454,-8.143439669784,
    33.731579151178));
#1021 = CARTESIAN_POINT('',(26.828009845702,-8.15113021603,
    33.762252036629));
#1022 = CARTESIAN_POINT('',(26.867532777081,-8.161334173584,
    33.79423298681));
#1023 = CARTESIAN_POINT('',(26.943031252218,-8.186676230444,
    33.86052004711));
#1024 = CARTESIAN_POINT('',(26.979002059425,-8.20182187874,
    33.89483011658));
#1025 = CARTESIAN_POINT('',(27.012986895351,-8.219376670948,
    33.930111157592));
#1026 = CARTESIAN_POINT('',(27.044824495151,-8.239266917833,
    33.9661815186));
#1027 = CARTESIAN_POINT('',(27.074373319287,-8.261402145754,
    34.002851233471));
#1028 = CARTESIAN_POINT('',(27.14462321696,-8.324233596577,
    34.098813303385));
#1029 = CARTESIAN_POINT('',(27.181657268689,-8.368189636358,
    34.158723694053));
#1030 = CARTESIAN_POINT('',(27.212130952715,-8.41711535952,
    34.218867801656));
#1031 = CARTESIAN_POINT('',(27.235707486848,-8.470491152707,
    34.278436309118));
#1032 = CARTESIAN_POINT('',(27.252203540181,-8.527720081273,
    34.336625677854));
#1033 = CARTESIAN_POINT('',(27.27021055329,-8.643569191872,
    34.444073596895));
#1034 = CARTESIAN_POINT('',(27.272847973976,-8.701686266341,
    34.493675568823));
#1035 = CARTESIAN_POINT('',(27.269489108741,-8.76198544212,
    34.540879076723));
#1036 = CARTESIAN_POINT('',(27.260230542999,-8.823923363029,
    34.585124732149));
#1037 = CARTESIAN_POINT('',(27.245280733032,-8.886930279875,
    34.625900276069));
#1038 = CARTESIAN_POINT('',(27.224361480989,-8.952325740592,
    34.663874181408));
#1039 = CARTESIAN_POINT('',(27.223521557826,-8.954937001016,
    34.665387080738));
#1040 = CARTESIAN_POINT('',(27.22274788753,-8.957303665357,
    34.666746787117));
#1041 = CARTESIAN_POINT('',(27.222188091512,-8.958996287736,
    34.667716966556));
#1042 = CARTESIAN_POINT('',(27.221876027016,-8.959944523597,
    34.668258493985));
#1043 = CARTESIAN_POINT('',(27.221794417049,-8.960190044202,
    34.668399684094));
#1044 = ORIENTED_EDGE('',*,*,#123,.T.);
#1045 = ORIENTED_EDGE('',*,*,#191,.T.);
#1046 = ORIENTED_EDGE('',*,*,#1047,.F.);
#1047 = EDGE_CURVE('',#1014,#183,#1048,.T.);
#1048 = CIRCLE('',#1049,13.1);
#1049 = AXIS2_PLACEMENT_3D('',#1050,#1051,#1052);
#1050 = CARTESIAN_POINT('',(32.,-1.33226762955E-15,26.392304845413));
#1051 = DIRECTION('',(0.866025403784,1.665334536938E-16,0.5));
#1052 = DIRECTION('',(-0.37010561654,-0.672374397506,0.641041732014));
#1053 = TOROIDAL_SURFACE('',#1054,13.1,1.);
#1054 = AXIS2_PLACEMENT_3D('',#1055,#1056,#1057);
#1055 = CARTESIAN_POINT('',(31.133974596216,-1.507257875862E-15,
    25.892304845413));
#1056 = DIRECTION('',(-0.866025403784,-1.749902463122E-16,-0.5));
#1057 = DIRECTION('',(-0.37010561654,-0.672374397506,0.641041732014));
#1058 = ADVANCED_FACE('',(#1059),#1078,.T.);
#1059 = FACE_BOUND('',#1060,.T.);
#1060 = EDGE_LOOP('',(#1061,#1069,#1076,#1077));
#1061 = ORIENTED_EDGE('',*,*,#1062,.F.);
#1062 = EDGE_CURVE('',#1063,#254,#1065,.T.);
#1063 = VERTEX_POINT('',#1064);
#1064 = CARTESIAN_POINT('',(25.477127905986,-11.31372361734,
    35.690250723518));
#1065 = LINE('',#1066,#1067);
#1066 = CARTESIAN_POINT('',(26.343153446637,-11.31372389114,
    36.190250486459));
#1067 = VECTOR('',#1068,1.);
#1068 = DIRECTION('',(-0.866025403784,-1.665334536938E-16,-0.5));
#1069 = ORIENTED_EDGE('',*,*,#1070,.F.);
#1070 = EDGE_CURVE('',#124,#1063,#1071,.T.);
#1071 = CIRCLE('',#1072,2.);
#1072 = AXIS2_PLACEMENT_3D('',#1073,#1074,#1075);
#1073 = CARTESIAN_POINT('',(26.18422712791,-9.899494936612,
    34.465518945154));
#1074 = DIRECTION('',(0.866025403784,1.387778780781E-16,0.5));
#1075 = DIRECTION('',(0.235734754085,0.881882363395,-0.408304571184));
#1076 = ORIENTED_EDGE('',*,*,#132,.F.);
#1077 = ORIENTED_EDGE('',*,*,#253,.T.);
#1078 = CYLINDRICAL_SURFACE('',#1079,2.);
#1079 = AXIS2_PLACEMENT_3D('',#1080,#1081,#1082);
#1080 = CARTESIAN_POINT('',(27.050252531694,-9.899494936612,
    34.965518945154));
#1081 = DIRECTION('',(0.866025403784,1.922962686384E-16,0.5));
#1082 = DIRECTION('',(-2.22044604925E-16,1.,1.232595164408E-32));
#1083 = ADVANCED_FACE('',(#1084),#1202,.T.);
#1084 = FACE_BOUND('',#1085,.T.);
#1085 = EDGE_LOOP('',(#1086,#1097,#1106,#1115,#1124,#1133,#1140,#1141,
    #1142,#1151,#1160,#1169,#1178,#1187,#1195));
#1086 = ORIENTED_EDGE('',*,*,#1087,.F.);
#1087 = EDGE_CURVE('',#1088,#1090,#1092,.T.);
#1088 = VERTEX_POINT('',#1089);
#1089 = CARTESIAN_POINT('',(32.914131046868,15.152997754374,
    24.808983427462));
#1090 = VERTEX_POINT('',#1091);
#1091 = CARTESIAN_POINT('',(37.230769230769,13.046153846154,
    17.332346775053));
#1092 = ELLIPSE('',#1093,6.4,3.2);
#1093 = AXIS2_PLACEMENT_3D('',#1094,#1095,#1096);
#1094 = CARTESIAN_POINT('',(36.,16.,19.464101615138));
#1095 = DIRECTION('',(0.866025403784,1.749902463122E-16,0.5));
#1096 = DIRECTION('',(0.5,1.010306658139E-16,-0.866025403784));
#1097 = ORIENTED_EDGE('',*,*,#1098,.T.);
#1098 = EDGE_CURVE('',#1088,#1099,#1101,.T.);
#1099 = VERTEX_POINT('',#1100);
#1100 = CARTESIAN_POINT('',(32.,15.,26.392304845413));
#1101 = CIRCLE('',#1102,11.);
#1102 = AXIS2_PLACEMENT_3D('',#1103,#1104,#1105);
#1103 = CARTESIAN_POINT('',(32.,26.,26.392304845413));
#1104 = DIRECTION('',(-0.866025403784,-1.804112415016E-16,-0.5));
#1105 = DIRECTION('',(8.026288630347E-02,-0.987031649102,-0.13901939704)
  );
#1106 = ORIENTED_EDGE('',*,*,#1107,.T.);
#1107 = EDGE_CURVE('',#1099,#1108,#1110,.T.);
#1108 = VERTEX_POINT('',#1109);
#1109 = CARTESIAN_POINT('',(26.696699141101,10.606601717798,
    35.57789138085));
#1110 = CIRCLE('',#1111,15.);
#1111 = AXIS2_PLACEMENT_3D('',#1112,#1113,#1114);
#1112 = CARTESIAN_POINT('',(32.,-1.33226762955E-15,26.392304845413));
#1113 = DIRECTION('',(0.866025403784,1.749902463122E-16,0.5));
#1114 = DIRECTION('',(-2.679992551887E-16,1.,1.14207833753E-16));
#1115 = ORIENTED_EDGE('',*,*,#1116,.T.);
#1116 = EDGE_CURVE('',#1108,#1117,#1119,.T.);
#1117 = VERTEX_POINT('',#1118);
#1118 = CARTESIAN_POINT('',(27.221794475734,8.960190169382,
    34.668399582449));
#1119 = CIRCLE('',#1120,1.);
#1120 = AXIS2_PLACEMENT_3D('',#1121,#1122,#1123);
#1121 = CARTESIAN_POINT('',(27.050252531694,9.899494936612,
    34.965518945154));
#1122 = DIRECTION('',(0.866025403784,2.22044604925E-16,0.5));
#1123 = DIRECTION('',(-0.353553390593,0.707106781187,0.612372435696));
#1124 = ORIENTED_EDGE('',*,*,#1125,.F.);
#1125 = EDGE_CURVE('',#1126,#1117,#1128,.T.);
#1126 = VERTEX_POINT('',#1127);
#1127 = CARTESIAN_POINT('',(32.,13.1,26.392304845413));
#1128 = CIRCLE('',#1129,13.1);
#1129 = AXIS2_PLACEMENT_3D('',#1130,#1131,#1132);
#1130 = CARTESIAN_POINT('',(32.,-1.33226762955E-15,26.392304845413));
#1131 = DIRECTION('',(0.866025403784,1.749902463122E-16,0.5));
#1132 = DIRECTION('',(-1.828774753766E-16,1.,-3.322741371217E-17));
#1133 = ORIENTED_EDGE('',*,*,#1134,.F.);
#1134 = EDGE_CURVE('',#156,#1126,#1135,.T.);
#1135 = CIRCLE('',#1136,13.1);
#1136 = AXIS2_PLACEMENT_3D('',#1137,#1138,#1139);
#1137 = CARTESIAN_POINT('',(32.,-1.33226762955E-15,26.392304845413));
#1138 = DIRECTION('',(0.866025403784,1.665334536938E-16,0.5));
#1139 = DIRECTION('',(0.489256198347,0.206187995567,-0.847416593455));
#1140 = ORIENTED_EDGE('',*,*,#182,.F.);
#1141 = ORIENTED_EDGE('',*,*,#1047,.F.);
#1142 = ORIENTED_EDGE('',*,*,#1143,.T.);
#1143 = EDGE_CURVE('',#1014,#1144,#1146,.T.);
#1144 = VERTEX_POINT('',#1145);
#1145 = CARTESIAN_POINT('',(26.696702920732,-10.60660927698,
    35.577884834336));
#1146 = CIRCLE('',#1147,1.);
#1147 = AXIS2_PLACEMENT_3D('',#1148,#1149,#1150);
#1148 = CARTESIAN_POINT('',(27.050252531694,-9.899494936612,
    34.965518945154));
#1149 = DIRECTION('',(0.866025403784,1.387778780781E-16,0.5));
#1150 = DIRECTION('',(0.235734754085,0.881882363395,-0.408304571184));
#1151 = ORIENTED_EDGE('',*,*,#1152,.T.);
#1152 = EDGE_CURVE('',#1144,#1153,#1155,.T.);
#1153 = VERTEX_POINT('',#1154);
#1154 = CARTESIAN_POINT('',(32.,-15.,26.392304845413));
#1155 = CIRCLE('',#1156,15.);
#1156 = AXIS2_PLACEMENT_3D('',#1157,#1158,#1159);
#1157 = CARTESIAN_POINT('',(32.,-1.33226762955E-15,26.392304845413));
#1158 = DIRECTION('',(0.866025403784,1.942890293094E-16,0.5));
#1159 = DIRECTION('',(-0.353552909586,-0.707107743199,0.612371602567));
#1160 = ORIENTED_EDGE('',*,*,#1161,.T.);
#1161 = EDGE_CURVE('',#1153,#1162,#1164,.T.);
#1162 = VERTEX_POINT('',#1163);
#1163 = CARTESIAN_POINT('',(32.914131046868,-15.15299775437,
    24.808983427462));
#1164 = CIRCLE('',#1165,11.);
#1165 = AXIS2_PLACEMENT_3D('',#1166,#1167,#1168);
#1166 = CARTESIAN_POINT('',(32.,-26.,26.392304845413));
#1167 = DIRECTION('',(-0.866025403784,-1.749902463122E-16,-0.5));
#1168 = DIRECTION('',(-3.299646356076E-17,1.,-2.928289412671E-16));
#1169 = ORIENTED_EDGE('',*,*,#1170,.F.);
#1170 = EDGE_CURVE('',#1171,#1162,#1173,.T.);
#1171 = VERTEX_POINT('',#1172);
#1172 = CARTESIAN_POINT('',(37.230769230769,-13.04615384615,
    17.332346775053));
#1173 = ELLIPSE('',#1174,6.4,3.2);
#1174 = AXIS2_PLACEMENT_3D('',#1175,#1176,#1177);
#1175 = CARTESIAN_POINT('',(36.,-16.,19.464101615138));
#1176 = DIRECTION('',(0.866025403784,1.749902463122E-16,0.5));
#1177 = DIRECTION('',(0.5,1.010306658139E-16,-0.866025403784));
#1178 = ORIENTED_EDGE('',*,*,#1179,.T.);
#1179 = EDGE_CURVE('',#1171,#1180,#1182,.T.);
#1180 = VERTEX_POINT('',#1181);
#1181 = CARTESIAN_POINT('',(40.,-11.2,12.535898384862));
#1182 = ELLIPSE('',#1183,4.,2.);
#1183 = AXIS2_PLACEMENT_3D('',#1184,#1185,#1186);
#1184 = CARTESIAN_POINT('',(38.,-11.2,16.));
#1185 = DIRECTION('',(0.866025403784,1.749902463122E-16,0.5));
#1186 = DIRECTION('',(0.5,1.010306658139E-16,-0.866025403784));
#1187 = ORIENTED_EDGE('',*,*,#1188,.T.);
#1188 = EDGE_CURVE('',#1180,#1189,#1191,.T.);
#1189 = VERTEX_POINT('',#1190);
#1190 = CARTESIAN_POINT('',(40.,11.2,12.535898384862));
#1191 = LINE('',#1192,#1193);
#1192 = CARTESIAN_POINT('',(40.,-8.,12.535898384862));
#1193 = VECTOR('',#1194,1.);
#1194 = DIRECTION('',(0.,1.,-3.499804926244E-16));
#1195 = ORIENTED_EDGE('',*,*,#1196,.T.);
#1196 = EDGE_CURVE('',#1189,#1090,#1197,.T.);
#1197 = ELLIPSE('',#1198,4.,2.);
#1198 = AXIS2_PLACEMENT_3D('',#1199,#1200,#1201);
#1199 = CARTESIAN_POINT('',(38.,11.2,16.));
#1200 = DIRECTION('',(0.866025403784,1.749902463122E-16,0.5));
#1201 = DIRECTION('',(0.5,1.010306658139E-16,-0.866025403784));
#1202 = PLANE('',#1203);
#1203 = AXIS2_PLACEMENT_3D('',#1204,#1205,#1206);
#1204 = CARTESIAN_POINT('',(32.,-2.273736754432E-15,26.392304845413));
#1205 = DIRECTION('',(0.866025403784,1.749902463122E-16,0.5));
#1206 = DIRECTION('',(-0.5,0.,0.866025403784));
#1207 = ADVANCED_FACE('',(#1208),#1220,.T.);
#1208 = FACE_BOUND('',#1209,.T.);
#1209 = EDGE_LOOP('',(#1210,#1211,#1212,#1219));
#1210 = ORIENTED_EDGE('',*,*,#155,.F.);
#1211 = ORIENTED_EDGE('',*,*,#1134,.T.);
#1212 = ORIENTED_EDGE('',*,*,#1213,.T.);
#1213 = EDGE_CURVE('',#1126,#305,#1214,.T.);
#1214 = CIRCLE('',#1215,1.);
#1215 = AXIS2_PLACEMENT_3D('',#1216,#1217,#1218);
#1216 = CARTESIAN_POINT('',(31.133974596216,13.1,25.892304845413));
#1217 = DIRECTION('',(0.5,-1.885777266025E-16,-0.866025403784));
#1218 = DIRECTION('',(-5.551115123126E-17,1.,-2.498001805407E-16));
#1219 = ORIENTED_EDGE('',*,*,#313,.F.);
#1220 = TOROIDAL_SURFACE('',#1221,13.1,1.);
#1221 = AXIS2_PLACEMENT_3D('',#1222,#1223,#1224);
#1222 = CARTESIAN_POINT('',(31.133974596216,-1.507257875862E-15,
    25.892304845413));
#1223 = DIRECTION('',(0.866025403784,1.749902463122E-16,0.5));
#1224 = DIRECTION('',(0.489256198347,0.206187995567,-0.847416593455));
#1225 = ADVANCED_FACE('',(#1226),#1282,.F.);
#1226 = FACE_BOUND('',#1227,.F.);
#1227 = EDGE_LOOP('',(#1228,#1236,#1245,#1264,#1275,#1281));
#1228 = ORIENTED_EDGE('',*,*,#1229,.F.);
#1229 = EDGE_CURVE('',#1230,#228,#1232,.T.);
#1230 = VERTEX_POINT('',#1231);
#1231 = CARTESIAN_POINT('',(31.133974596216,-16.,25.892304845413));
#1232 = LINE('',#1233,#1234);
#1233 = CARTESIAN_POINT('',(32.,-16.,26.392304845413));
#1234 = VECTOR('',#1235,1.);
#1235 = DIRECTION('',(-0.866025403784,-1.665334536938E-16,-0.5));
#1236 = ORIENTED_EDGE('',*,*,#1237,.T.);
#1237 = EDGE_CURVE('',#1230,#1238,#1240,.T.);
#1238 = VERTEX_POINT('',#1239);
#1239 = CARTESIAN_POINT('',(32.859533069217,-16.61438378021,
    22.903549898744));
#1240 = CIRCLE('',#1241,10.);
#1241 = AXIS2_PLACEMENT_3D('',#1242,#1243,#1244);
#1242 = CARTESIAN_POINT('',(31.133974596216,-26.,25.892304845413));
#1243 = DIRECTION('',(-0.866025403784,-1.749902463122E-16,-0.5));
#1244 = DIRECTION('',(-3.299646356076E-17,1.,-2.928289412671E-16));
#1245 = ORIENTED_EDGE('',*,*,#1246,.F.);
#1246 = EDGE_CURVE('',#1247,#1238,#1249,.T.);
#1247 = VERTEX_POINT('',#1248);
#1248 = CARTESIAN_POINT('',(33.046153846154,-17.23076923076,
    21.446456200476));
#1249 = B_SPLINE_CURVE_WITH_KNOTS('',7,(#1250,#1251,#1252,#1253,#1254,
    #1255,#1256,#1257,#1258,#1259,#1260,#1261,#1262,#1263),
  .UNSPECIFIED.,.F.,.F.,(8,6,8),(0.,0.693717684541,1.),.UNSPECIFIED.);
#1250 = CARTESIAN_POINT('',(33.046153846154,-17.23076923076,
    21.446456200476));
#1251 = CARTESIAN_POINT('',(32.970713156642,-17.04971157594,
    21.784349256777));
#1252 = CARTESIAN_POINT('',(32.918687111062,-16.88838200159,
    22.133972519303));
#1253 = CARTESIAN_POINT('',(32.882495255465,-16.74678580276,
    22.486825127381));
#1254 = CARTESIAN_POINT('',(32.857109169214,-16.62310597077,
    22.838291494009));
#1255 = CARTESIAN_POINT('',(32.839177239441,-16.51489719243,
    23.187657432173));
#1256 = CARTESIAN_POINT('',(32.826540930661,-16.41977446542,
    23.537888155052));
#1257 = CARTESIAN_POINT('',(32.813819749924,-16.29938314434,
    24.05298937769));
#1258 = CARTESIAN_POINT('',(32.810695616473,-16.26504736176,
    24.210960959772));
#1259 = CARTESIAN_POINT('',(32.808210291808,-16.23319148459,
    24.369082451498));
#1260 = CARTESIAN_POINT('',(32.806250081129,-16.20376228027,
    24.527320575919));
#1261 = CARTESIAN_POINT('',(32.804718426411,-16.17671226517,
    24.685664568805));
#1262 = CARTESIAN_POINT('',(32.803533407527,-16.15200064157,
    24.84412669105));
#1263 = CARTESIAN_POINT('',(32.802625243364,-16.12959423454,
    25.002742741075));
#1264 = ORIENTED_EDGE('',*,*,#1265,.F.);
#1265 = EDGE_CURVE('',#1266,#1247,#1268,.T.);
#1266 = VERTEX_POINT('',#1267);
#1267 = CARTESIAN_POINT('',(33.2,-18.,20.156921938165));
#1268 = B_SPLINE_CURVE_WITH_KNOTS('',5,(#1269,#1270,#1271,#1272,#1273,
    #1274),.UNSPECIFIED.,.F.,.F.,(6,6),(0.,1.),
  .PIECEWISE_BEZIER_KNOTS.);
#1269 = CARTESIAN_POINT('',(33.2,-18.,20.156921938165));
#1270 = CARTESIAN_POINT('',(33.2,-17.83694710129,20.407958298051));
#1271 = CARTESIAN_POINT('',(33.183384098337,-17.67663874025,
    20.662941508503));
#1272 = CARTESIAN_POINT('',(33.151267662118,-17.52108308682,
    20.921447389073));
#1273 = CARTESIAN_POINT('',(33.10500157298,-17.37200377515,
    21.182881750104));
#1274 = CARTESIAN_POINT('',(33.046153846154,-17.23076923076,
    21.446456200476));
#1275 = ORIENTED_EDGE('',*,*,#1276,.T.);
#1276 = EDGE_CURVE('',#1266,#226,#1277,.T.);
#1277 = LINE('',#1278,#1279);
#1278 = CARTESIAN_POINT('',(35.,-18.,21.196152422707));
#1279 = VECTOR('',#1280,1.);
#1280 = DIRECTION('',(-0.866025403784,-1.665334536938E-16,-0.5));
#1281 = ORIENTED_EDGE('',*,*,#225,.T.);
#1282 = CYLINDRICAL_SURFACE('',#1283,10.);
#1283 = AXIS2_PLACEMENT_3D('',#1284,#1285,#1286);
#1284 = CARTESIAN_POINT('',(32.,-26.,26.392304845413));
#1285 = DIRECTION('',(0.866025403784,1.922962686384E-16,0.5));
#1286 = DIRECTION('',(-2.22044604925E-16,1.,1.232595164408E-32));
#1287 = ADVANCED_FACE('',(#1288),#1300,.T.);
#1288 = FACE_BOUND('',#1289,.T.);
#1289 = EDGE_LOOP('',(#1290,#1291,#1292,#1293));
#1290 = ORIENTED_EDGE('',*,*,#1062,.T.);
#1291 = ORIENTED_EDGE('',*,*,#262,.T.);
#1292 = ORIENTED_EDGE('',*,*,#1229,.F.);
#1293 = ORIENTED_EDGE('',*,*,#1294,.F.);
#1294 = EDGE_CURVE('',#1063,#1230,#1295,.T.);
#1295 = CIRCLE('',#1296,16.);
#1296 = AXIS2_PLACEMENT_3D('',#1297,#1298,#1299);
#1297 = CARTESIAN_POINT('',(31.133974596216,-1.507257875862E-15,
    25.892304845413));
#1298 = DIRECTION('',(0.866025403784,1.942890293094E-16,0.5));
#1299 = DIRECTION('',(-0.353552909586,-0.707107743199,0.612371602567));
#1300 = CYLINDRICAL_SURFACE('',#1301,16.);
#1301 = AXIS2_PLACEMENT_3D('',#1302,#1303,#1304);
#1302 = CARTESIAN_POINT('',(32.,-1.33226762955E-15,26.392304845413));
#1303 = DIRECTION('',(0.866025403784,1.922962686384E-16,0.5));
#1304 = DIRECTION('',(-2.22044604925E-16,1.,1.232595164408E-32));
#1305 = ADVANCED_FACE('',(#1306),#1395,.T.);
#1306 = FACE_BOUND('',#1307,.T.);
#1307 = EDGE_LOOP('',(#1308,#1387,#1388,#1389));
#1308 = ORIENTED_EDGE('',*,*,#1309,.T.);
#1309 = EDGE_CURVE('',#1310,#1266,#1312,.T.);
#1310 = VERTEX_POINT('',#1311);
#1311 = CARTESIAN_POINT('',(31.2,-20.,12.074018169511));
#1312 = B_SPLINE_CURVE_WITH_KNOTS('',7,(#1313,#1314,#1315,#1316,#1317,
    #1318,#1319,#1320,#1321,#1322,#1323,#1324,#1325,#1326,#1327,#1328,
    #1329,#1330,#1331,#1332,#1333,#1334,#1335,#1336,#1337,#1338,#1339,
    #1340,#1341,#1342,#1343,#1344,#1345,#1346,#1347,#1348,#1349,#1350,
    #1351,#1352,#1353,#1354,#1355,#1356,#1357,#1358,#1359,#1360,#1361,
    #1362,#1363,#1364,#1365,#1366,#1367,#1368,#1369,#1370,#1371,#1372,
    #1373,#1374,#1375,#1376,#1377,#1378,#1379,#1380,#1381,#1382,#1383,
    #1384,#1385,#1386),.UNSPECIFIED.,.F.,.F.,(8,6,6,6,6,6,6,6,6,6,6,6,8)
  ,(0.,3.531829837034E-04,7.063659286989E-04,1.059548797649E-03,
    1.412731552516E-03,1.765914155129E-03,2.119096567208E-03,
    2.472278750796E-03,2.825460667909E-03,3.105570249407E-03,
    0.445098639778,0.820163825422,1.),.UNSPECIFIED.);
#1313 = CARTESIAN_POINT('',(31.2,-20.,12.074018169511));
#1314 = CARTESIAN_POINT('',(31.200129627995,-20.,12.074427708335));
#1315 = CARTESIAN_POINT('',(31.200259256,-19.99999999019,12.074837247155
    ));
#1316 = CARTESIAN_POINT('',(31.200388884005,-19.99999997059,
    12.075246785975));
#1317 = CARTESIAN_POINT('',(31.200518512007,-19.99999994118,
    12.075656324796));
#1318 = CARTESIAN_POINT('',(31.200648140004,-19.99999990198,
    12.076065863619));
#1319 = CARTESIAN_POINT('',(31.200777767999,-19.99999985297,
    12.076475402442));
#1320 = CARTESIAN_POINT('',(31.201037023975,-19.99999973534,
    12.077294480042));
#1321 = CARTESIAN_POINT('',(31.201166651954,-19.99999966673,
    12.07770401882));
#1322 = CARTESIAN_POINT('',(31.201296279931,-19.99999958831,
    12.078113557597));
#1323 = CARTESIAN_POINT('',(31.201425907904,-19.99999950009,
    12.078523096375));
#1324 = CARTESIAN_POINT('',(31.201555535873,-19.99999940207,
    12.078932635154));
#1325 = CARTESIAN_POINT('',(31.201685163839,-19.99999929425,
    12.079342173933));
#1326 = CARTESIAN_POINT('',(31.201944419735,-19.999999059,
    12.080161251404));
#1327 = CARTESIAN_POINT('',(31.202074047664,-19.99999893158,
    12.080570790095));
#1328 = CARTESIAN_POINT('',(31.202203675589,-19.99999879435,
    12.080980328787));
#1329 = CARTESIAN_POINT('',(31.202333303509,-19.99999864732,
    12.081389867479));
#1330 = CARTESIAN_POINT('',(31.202462931424,-19.99999849049,
    12.081799406172));
#1331 = CARTESIAN_POINT('',(31.202592559332,-19.99999832385,
    12.082208944866));
#1332 = CARTESIAN_POINT('',(31.202851815094,-19.99999797098,
    12.083028022122));
#1333 = CARTESIAN_POINT('',(31.202981442948,-19.99999778475,
    12.083437560684));
#1334 = CARTESIAN_POINT('',(31.203111070795,-19.99999758871,
    12.083847099247));
#1335 = CARTESIAN_POINT('',(31.203240698635,-19.99999738286,
    12.084256637811));
#1336 = CARTESIAN_POINT('',(31.203370326467,-19.99999716722,
    12.084666176375));
#1337 = CARTESIAN_POINT('',(31.203499954292,-19.99999694177,
    12.08507571494));
#1338 = CARTESIAN_POINT('',(31.203759209867,-19.99999647128,
    12.085894791896));
#1339 = CARTESIAN_POINT('',(31.203888837618,-19.99999622623,
    12.086304330286));
#1340 = CARTESIAN_POINT('',(31.204018465361,-19.99999597138,
    12.086713868677));
#1341 = CARTESIAN_POINT('',(31.204148093094,-19.99999570672,
    12.087123407069));
#1342 = CARTESIAN_POINT('',(31.204277720817,-19.99999543227,
    12.087532945462));
#1343 = CARTESIAN_POINT('',(31.204407348531,-19.99999514801,
    12.087942483856));
#1344 = CARTESIAN_POINT('',(31.204666603866,-19.99999455989,
    12.088761560425));
#1345 = CARTESIAN_POINT('',(31.204796231488,-19.99999425603,
    12.0891710986));
#1346 = CARTESIAN_POINT('',(31.204925859099,-19.99999394237,
    12.089580636775));
#1347 = CARTESIAN_POINT('',(31.205055486699,-19.9999936189,
    12.089990174952));
#1348 = CARTESIAN_POINT('',(31.205185114287,-19.99999328563,
    12.090399713131));
#1349 = CARTESIAN_POINT('',(31.205314741862,-19.99999294256,
    12.09080925131));
#1350 = CARTESIAN_POINT('',(31.205573996904,-19.99999223682,
    12.091628327406));
#1351 = CARTESIAN_POINT('',(31.20570362437,-19.99999187415,
    12.092037865323));
#1352 = CARTESIAN_POINT('',(31.205833251824,-19.99999150167,
    12.092447403241));
#1353 = CARTESIAN_POINT('',(31.205962879263,-19.9999911194,
    12.09285694116));
#1354 = CARTESIAN_POINT('',(31.206092506689,-19.99999072732,
    12.09326647908));
#1355 = CARTESIAN_POINT('',(31.2062221341,-19.99999032543,
    12.093676017002));
#1356 = CARTESIAN_POINT('',(31.206481388795,-19.99998950207,
    12.09449509254));
#1357 = CARTESIAN_POINT('',(31.206611016079,-19.99998908058,
    12.094904630155));
#1358 = CARTESIAN_POINT('',(31.206740643347,-19.9999886493,
    12.095314167773));
#1359 = CARTESIAN_POINT('',(31.2068702706,-19.99998820821,
    12.095723705391));
#1360 = CARTESIAN_POINT('',(31.206999897837,-19.99998775732,
    12.096133243011));
#1361 = CARTESIAN_POINT('',(31.207129525057,-19.99998729662,
    12.096542780633));
#1362 = CARTESIAN_POINT('',(31.207361959964,-19.99998645298,
    12.097277123708));
#1363 = CARTESIAN_POINT('',(31.207464767656,-19.99998607366,
    12.097601929161));
#1364 = CARTESIAN_POINT('',(31.207567575338,-19.99998568818,
    12.097926734616));
#1365 = CARTESIAN_POINT('',(31.207670383008,-19.99998529653,
    12.098251540071));
#1366 = CARTESIAN_POINT('',(31.207773190667,-19.99998489872,
    12.098576345527));
#1367 = CARTESIAN_POINT('',(31.207875998315,-19.99998449474,
    12.098901150984));
#1368 = CARTESIAN_POINT('',(31.370201970031,-19.99933690587,
    12.611745952366));
#1369 = CARTESIAN_POINT('',(31.532147968193,-19.98333922488,
    13.123487256007));
#1370 = CARTESIAN_POINT('',(31.693200133587,-19.95206694838,
    13.635190516098));
#1371 = CARTESIAN_POINT('',(31.852691758258,-19.90520599838,
    14.147445333737));
#1372 = CARTESIAN_POINT('',(32.009740497758,-19.84210372883,
    14.660468726135));
#1373 = CARTESIAN_POINT('',(32.163049125824,-19.76183054442,
    15.173896480037));
#1374 = CARTESIAN_POINT('',(32.43594256806,-19.57959999219,
    16.121645151079));
#1375 = CARTESIAN_POINT('',(32.556096869891,-19.48344893515,
    16.552624283756));
#1376 = CARTESIAN_POINT('',(32.671471822091,-19.37354969599,
    16.983737780973));
#1377 = CARTESIAN_POINT('',(32.781451390182,-19.24799055114,
    17.417329490211));
#1378 = CARTESIAN_POINT('',(32.884155270099,-19.1045326617,
    17.853581945702));
#1379 = CARTESIAN_POINT('',(32.976148551805,-18.94092849464,
    18.290098378868));
#1380 = CARTESIAN_POINT('',(33.088013461307,-18.66679286502,
    18.928381249356));
#1381 = CARTESIAN_POINT('',(33.120402127522,-18.57320531053,
    19.133506533715));
#1382 = CARTESIAN_POINT('',(33.14871944011,-18.47381484167,
    19.338496739515));
#1383 = CARTESIAN_POINT('',(33.172297251224,-18.36758410893,
    19.544066243547));
#1384 = CARTESIAN_POINT('',(33.189968255474,-18.25358596514,
    19.749982280765));
#1385 = CARTESIAN_POINT('',(33.2,-18.13114040848,19.955018071128));
#1386 = CARTESIAN_POINT('',(33.2,-18.,20.156921938165));
#1387 = ORIENTED_EDGE('',*,*,#1276,.T.);
#1388 = ORIENTED_EDGE('',*,*,#236,.T.);
#1389 = ORIENTED_EDGE('',*,*,#1390,.F.);
#1390 = EDGE_CURVE('',#1310,#237,#1391,.T.);
#1391 = LINE('',#1392,#1393);
#1392 = CARTESIAN_POINT('',(38.,-20.,16.));
#1393 = VECTOR('',#1394,1.);
#1394 = DIRECTION('',(-0.866025403784,-1.665334536938E-16,-0.5));
#1395 = CYLINDRICAL_SURFACE('',#1396,10.);
#1396 = AXIS2_PLACEMENT_3D('',#1397,#1398,#1399);
#1397 = CARTESIAN_POINT('',(38.,-10.,16.));
#1398 = DIRECTION('',(0.866025403784,1.922962686384E-16,0.5));
#1399 = DIRECTION('',(-2.22044604925E-16,1.,1.232595164408E-32));
#1400 = ADVANCED_FACE('',(#1401),#1431,.T.);
#1401 = FACE_BOUND('',#1402,.T.);
#1402 = EDGE_LOOP('',(#1403,#1404,#1405,#1430));
#1403 = ORIENTED_EDGE('',*,*,#1213,.F.);
#1404 = ORIENTED_EDGE('',*,*,#1125,.T.);
#1405 = ORIENTED_EDGE('',*,*,#1406,.T.);
#1406 = EDGE_CURVE('',#1117,#297,#1407,.T.);
#1407 = B_SPLINE_CURVE_WITH_KNOTS('',6,(#1408,#1409,#1410,#1411,#1412,
    #1413,#1414,#1415,#1416,#1417,#1418,#1419,#1420,#1421,#1422,#1423,
    #1424,#1425,#1426,#1427,#1428,#1429),.UNSPECIFIED.,.F.,.F.,(7,5,5,5,
    7),(0.,0.294025129179,0.605025814361,0.802618126374,1.),
  .UNSPECIFIED.);
#1408 = CARTESIAN_POINT('',(27.221794474367,8.960190166467,
    34.668399584816));
#1409 = CARTESIAN_POINT('',(27.243320812782,8.895032483432,
    34.631114884393));
#1410 = CARTESIAN_POINT('',(27.259248529293,8.83031904718,
    34.589674428647));
#1411 = CARTESIAN_POINT('',(27.269210197991,8.766683228449,
    34.544544372248));
#1412 = CARTESIAN_POINT('',(27.272974868178,8.704740460899,
    34.496274199629));
#1413 = CARTESIAN_POINT('',(27.27043514019,8.645077558058,
    34.445465944874));
#1414 = CARTESIAN_POINT('',(27.252276722489,8.528123879798,
    34.337007198482));
#1415 = CARTESIAN_POINT('',(27.235910599259,8.471165608781,
    34.279127707232));
#1416 = CARTESIAN_POINT('',(27.212535771142,8.418017239466,
    34.219878335105));
#1417 = CARTESIAN_POINT('',(27.182331834188,8.369266983656,
    34.160050190888));
#1418 = CARTESIAN_POINT('',(27.145628785147,8.325427416198,
    34.100440245604));
#1419 = CARTESIAN_POINT('',(27.075754655297,8.262458223254,
    34.004583813441));
#1420 = CARTESIAN_POINT('',(27.046175274106,8.240146540681,
    33.967742937902));
#1421 = CARTESIAN_POINT('',(27.014284298747,8.22009528426,
    33.931500497424));
#1422 = CARTESIAN_POINT('',(26.980224553847,8.202396393231,
    33.896048944896));
#1423 = CARTESIAN_POINT('',(26.944158944232,8.187124766547,
    33.861572328349));
#1424 = CARTESIAN_POINT('',(26.868419124787,8.161563599626,
    33.794950724431));
#1425 = CARTESIAN_POINT('',(26.828748147323,8.151268550969,
    33.762802718377));
#1426 = CARTESIAN_POINT('',(26.787436724532,8.143509008438,
    33.731972400627));
#1427 = CARTESIAN_POINT('',(26.744681865092,8.138323145158,
    33.702619577925));
#1428 = CARTESIAN_POINT('',(26.700694406791,8.135730209822,
    33.67488927782));
#1429 = CARTESIAN_POINT('',(26.655696636079,8.135730209822,
    33.648909802786));
#1430 = ORIENTED_EDGE('',*,*,#304,.F.);
#1431 = TOROIDAL_SURFACE('',#1432,13.1,1.);
#1432 = AXIS2_PLACEMENT_3D('',#1433,#1434,#1435);
#1433 = CARTESIAN_POINT('',(31.133974596216,-1.507257875862E-15,
    25.892304845413));
#1434 = DIRECTION('',(0.866025403784,1.749902463122E-16,0.5));
#1435 = DIRECTION('',(-1.828774753766E-16,1.,-3.322741371217E-17));
#1436 = ADVANCED_FACE('',(#1437),#1456,.T.);
#1437 = FACE_BOUND('',#1438,.T.);
#1438 = EDGE_LOOP('',(#1439,#1440,#1449,#1455));
#1439 = ORIENTED_EDGE('',*,*,#296,.T.);
#1440 = ORIENTED_EDGE('',*,*,#1441,.F.);
#1441 = EDGE_CURVE('',#1442,#297,#1444,.T.);
#1442 = VERTEX_POINT('',#1443);
#1443 = CARTESIAN_POINT('',(25.477120346723,11.313708498985,
    35.690263816546));
#1444 = CIRCLE('',#1445,2.);
#1445 = AXIS2_PLACEMENT_3D('',#1446,#1447,#1448);
#1446 = CARTESIAN_POINT('',(26.18422712791,9.899494936612,
    34.465518945154));
#1447 = DIRECTION('',(0.866025403784,2.22044604925E-16,0.5));
#1448 = DIRECTION('',(-0.353553390593,0.707106781187,0.612372435696));
#1449 = ORIENTED_EDGE('',*,*,#1450,.T.);
#1450 = EDGE_CURVE('',#1442,#380,#1451,.T.);
#1451 = LINE('',#1452,#1453);
#1452 = CARTESIAN_POINT('',(26.343145750508,11.313708498985,
    36.190263816546));
#1453 = VECTOR('',#1454,1.);
#1454 = DIRECTION('',(-0.866025403784,-1.665334536938E-16,-0.5));
#1455 = ORIENTED_EDGE('',*,*,#388,.T.);
#1456 = CYLINDRICAL_SURFACE('',#1457,2.);
#1457 = AXIS2_PLACEMENT_3D('',#1458,#1459,#1460);
#1458 = CARTESIAN_POINT('',(27.050252531694,9.899494936612,
    34.965518945154));
#1459 = DIRECTION('',(0.866025403784,1.922962686384E-16,0.5));
#1460 = DIRECTION('',(-2.22044604925E-16,1.,1.232595164408E-32));
#1461 = ADVANCED_FACE('',(#1462),#1480,.F.);
#1462 = FACE_BOUND('',#1463,.F.);
#1463 = EDGE_LOOP('',(#1464,#1465,#1472,#1473,#1474));
#1464 = ORIENTED_EDGE('',*,*,#932,.F.);
#1465 = ORIENTED_EDGE('',*,*,#1466,.F.);
#1466 = EDGE_CURVE('',#330,#914,#1467,.T.);
#1467 = CIRCLE('',#1468,15.923856925433);
#1468 = AXIS2_PLACEMENT_3D('',#1469,#1470,#1471);
#1469 = CARTESIAN_POINT('',(40.,-20.,0.));
#1470 = DIRECTION('',(-0.,-1.,0.));
#1471 = DIRECTION('',(-0.778222569032,0.,0.62798856124));
#1472 = ORIENTED_EDGE('',*,*,#329,.F.);
#1473 = ORIENTED_EDGE('',*,*,#1390,.F.);
#1474 = ORIENTED_EDGE('',*,*,#1475,.F.);
#1475 = EDGE_CURVE('',#933,#1310,#1476,.T.);
#1476 = LINE('',#1477,#1478);
#1477 = CARTESIAN_POINT('',(31.2,-20.,0.));
#1478 = VECTOR('',#1479,1.);
#1479 = DIRECTION('',(0.,0.,1.));
#1480 = PLANE('',#1481);
#1481 = AXIS2_PLACEMENT_3D('',#1482,#1483,#1484);
#1482 = CARTESIAN_POINT('',(-16.,-20.,0.));
#1483 = DIRECTION('',(0.,1.,0.));
#1484 = DIRECTION('',(1.,0.,0.));
#1485 = ADVANCED_FACE('',(#1486),#1505,.T.);
#1486 = FACE_BOUND('',#1487,.T.);
#1487 = EDGE_LOOP('',(#1488,#1496,#1497,#1498));
#1488 = ORIENTED_EDGE('',*,*,#1489,.T.);
#1489 = EDGE_CURVE('',#1490,#371,#1492,.T.);
#1490 = VERTEX_POINT('',#1491);
#1491 = CARTESIAN_POINT('',(31.133974596216,16.,25.892304845413));
#1492 = LINE('',#1493,#1494);
#1493 = CARTESIAN_POINT('',(32.,16.,26.392304845413));
#1494 = VECTOR('',#1495,1.);
#1495 = DIRECTION('',(-0.866025403784,-2.576281494458E-17,-0.5));
#1496 = ORIENTED_EDGE('',*,*,#379,.T.);
#1497 = ORIENTED_EDGE('',*,*,#1450,.F.);
#1498 = ORIENTED_EDGE('',*,*,#1499,.F.);
#1499 = EDGE_CURVE('',#1490,#1442,#1500,.T.);
#1500 = CIRCLE('',#1501,16.);
#1501 = AXIS2_PLACEMENT_3D('',#1502,#1503,#1504);
#1502 = CARTESIAN_POINT('',(31.133974596216,-1.507257875862E-15,
    25.892304845413));
#1503 = DIRECTION('',(0.866025403784,1.749902463122E-16,0.5));
#1504 = DIRECTION('',(-2.679992551887E-16,1.,1.14207833753E-16));
#1505 = CYLINDRICAL_SURFACE('',#1506,16.);
#1506 = AXIS2_PLACEMENT_3D('',#1507,#1508,#1509);
#1507 = CARTESIAN_POINT('',(32.,-1.33226762955E-15,26.392304845413));
#1508 = DIRECTION('',(0.866025403784,1.922962686384E-16,0.5));
#1509 = DIRECTION('',(-2.22044604925E-16,1.,1.232595164408E-32));
#1510 = ADVANCED_FACE('',(#1511),#1560,.F.);
#1511 = FACE_BOUND('',#1512,.T.);
#1512 = EDGE_LOOP('',(#1513,#1514,#1523,#1542,#1553,#1559));
#1513 = ORIENTED_EDGE('',*,*,#1489,.F.);
#1514 = ORIENTED_EDGE('',*,*,#1515,.F.);
#1515 = EDGE_CURVE('',#1516,#1490,#1518,.T.);
#1516 = VERTEX_POINT('',#1517);
#1517 = CARTESIAN_POINT('',(32.859533069217,16.614383780219,
    22.903549898744));
#1518 = CIRCLE('',#1519,10.);
#1519 = AXIS2_PLACEMENT_3D('',#1520,#1521,#1522);
#1520 = CARTESIAN_POINT('',(31.133974596216,26.,25.892304845413));
#1521 = DIRECTION('',(-0.866025403784,-1.804112415016E-16,-0.5));
#1522 = DIRECTION('',(8.026288630347E-02,-0.987031649102,-0.13901939704)
  );
#1523 = ORIENTED_EDGE('',*,*,#1524,.F.);
#1524 = EDGE_CURVE('',#1525,#1516,#1527,.T.);
#1525 = VERTEX_POINT('',#1526);
#1526 = CARTESIAN_POINT('',(33.046153846154,17.230769230769,
    21.446456200476));
#1527 = B_SPLINE_CURVE_WITH_KNOTS('',7,(#1528,#1529,#1530,#1531,#1532,
    #1533,#1534,#1535,#1536,#1537,#1538,#1539,#1540,#1541),
  .UNSPECIFIED.,.F.,.F.,(8,6,8),(0.,0.693717684541,1.),.UNSPECIFIED.);
#1528 = CARTESIAN_POINT('',(33.046153846154,17.230769230769,
    21.446456200476));
#1529 = CARTESIAN_POINT('',(32.970713156642,17.04971157594,
    21.784349256777));
#1530 = CARTESIAN_POINT('',(32.918687111062,16.888382001598,
    22.133972519303));
#1531 = CARTESIAN_POINT('',(32.882495255465,16.746785802769,
    22.486825127381));
#1532 = CARTESIAN_POINT('',(32.857109169214,16.62310597077,
    22.838291494009));
#1533 = CARTESIAN_POINT('',(32.839177239441,16.514897192433,
    23.187657432172));
#1534 = CARTESIAN_POINT('',(32.826540930661,16.419774465422,
    23.537888155053));
#1535 = CARTESIAN_POINT('',(32.813819749924,16.299383144347,
    24.05298937769));
#1536 = CARTESIAN_POINT('',(32.810695616473,16.265047361765,
    24.210960959772));
#1537 = CARTESIAN_POINT('',(32.808210291808,16.233191484596,
    24.369082451499));
#1538 = CARTESIAN_POINT('',(32.806250081129,16.203762280272,
    24.527320575919));
#1539 = CARTESIAN_POINT('',(32.804718426411,16.176712265177,
    24.685664568805));
#1540 = CARTESIAN_POINT('',(32.803533407527,16.152000641575,
    24.84412669105));
#1541 = CARTESIAN_POINT('',(32.802625243364,16.129594234544,
    25.002742741075));
#1542 = ORIENTED_EDGE('',*,*,#1543,.F.);
#1543 = EDGE_CURVE('',#1544,#1525,#1546,.T.);
#1544 = VERTEX_POINT('',#1545);
#1545 = CARTESIAN_POINT('',(33.2,18.,20.156921938165));
#1546 = B_SPLINE_CURVE_WITH_KNOTS('',5,(#1547,#1548,#1549,#1550,#1551,
    #1552),.UNSPECIFIED.,.F.,.F.,(6,6),(0.,1.),
  .PIECEWISE_BEZIER_KNOTS.);
#1547 = CARTESIAN_POINT('',(33.2,18.,20.156921938165));
#1548 = CARTESIAN_POINT('',(33.2,17.836947101299,20.407958298051));
#1549 = CARTESIAN_POINT('',(33.183384098337,17.676638740254,
    20.662941508503));
#1550 = CARTESIAN_POINT('',(33.151267662118,17.521083086829,
    20.921447389073));
#1551 = CARTESIAN_POINT('',(33.10500157298,17.372003775153,
    21.182881750104));
#1552 = CARTESIAN_POINT('',(33.046153846154,17.230769230769,
    21.446456200476));
#1553 = ORIENTED_EDGE('',*,*,#1554,.T.);
#1554 = EDGE_CURVE('',#1544,#362,#1555,.T.);
#1555 = LINE('',#1556,#1557);
#1556 = CARTESIAN_POINT('',(35.,18.,21.196152422707));
#1557 = VECTOR('',#1558,1.);
#1558 = DIRECTION('',(-0.866025403784,-2.576281494458E-17,-0.5));
#1559 = ORIENTED_EDGE('',*,*,#370,.F.);
#1560 = CYLINDRICAL_SURFACE('',#1561,10.);
#1561 = AXIS2_PLACEMENT_3D('',#1562,#1563,#1564);
#1562 = CARTESIAN_POINT('',(32.,26.,26.392304845413));
#1563 = DIRECTION('',(0.866025403784,0.,0.5));
#1564 = DIRECTION('',(0.,-1.,1.232595164408E-32));
#1565 = ADVANCED_FACE('',(#1566),#1607,.T.);
#1566 = FACE_BOUND('',#1567,.F.);
#1567 = EDGE_LOOP('',(#1568,#1599,#1600,#1601));
#1568 = ORIENTED_EDGE('',*,*,#1569,.T.);
#1569 = EDGE_CURVE('',#1570,#1544,#1572,.T.);
#1570 = VERTEX_POINT('',#1571);
#1571 = CARTESIAN_POINT('',(31.2,20.,12.074018169511));
#1572 = B_SPLINE_CURVE_WITH_KNOTS('',7,(#1573,#1574,#1575,#1576,#1577,
    #1578,#1579,#1580,#1581,#1582,#1583,#1584,#1585,#1586,#1587,#1588,
    #1589,#1590,#1591,#1592,#1593,#1594,#1595,#1596,#1597,#1598),
  .UNSPECIFIED.,.F.,.F.,(8,6,6,6,8),(0.,2.679537547358E-02,
    0.459830255095,0.820735197782,1.),.UNSPECIFIED.);
#1573 = CARTESIAN_POINT('',(31.200000094243,20.,12.074018223922));
#1574 = CARTESIAN_POINT('',(31.209831427959,19.999999999847,
    12.105078984736));
#1575 = CARTESIAN_POINT('',(31.219662812673,19.999943616814,
    12.136139713936));
#1576 = CARTESIAN_POINT('',(31.229494033998,19.999830850884,
    12.167200448379));
#1577 = CARTESIAN_POINT('',(31.239324887623,19.999661698391,
    12.198261217826));
#1578 = CARTESIAN_POINT('',(31.249155179316,19.999436152019,
    12.229322044936));
#1579 = CARTESIAN_POINT('',(31.258984724923,19.999154200806,
    12.260382945266));
#1580 = CARTESIAN_POINT('',(31.427651864887,19.993347487239,
    12.793414448952));
#1581 = CARTESIAN_POINT('',(31.585989429117,19.973152860302,
    13.294589645869));
#1582 = CARTESIAN_POINT('',(31.743272127286,19.938248992894,
    13.795748242977));
#1583 = CARTESIAN_POINT('',(31.898870815095,19.888281184518,
    14.297486148309));
#1584 = CARTESIAN_POINT('',(32.051926652708,19.822575149267,
    14.800007100794));
#1585 = CARTESIAN_POINT('',(32.201163263744,19.74020012607,
    15.302926143267));
#1586 = CARTESIAN_POINT('',(32.464264832239,19.556568779388,
    16.223601735955));
#1587 = CARTESIAN_POINT('',(32.578992667281,19.461362852145,
    16.638482460386));
#1588 = CARTESIAN_POINT('',(32.689108858072,19.35322614006,
    17.05350274253));
#1589 = CARTESIAN_POINT('',(32.794006082504,19.230392646753,
    17.470749822379));
#1590 = CARTESIAN_POINT('',(32.891943250492,19.090819969076,
    17.890369861494));
#1591 = CARTESIAN_POINT('',(32.979791388568,18.932470853631,
    18.310212634856));
#1592 = CARTESIAN_POINT('',(33.08855126841,18.665238336871,
    18.931788108457));
#1593 = CARTESIAN_POINT('',(33.12079462455,18.571826572257,
    19.136349511266));
#1594 = CARTESIAN_POINT('',(33.14898033504,18.472636702817,
    19.340775379688));
#1595 = CARTESIAN_POINT('',(33.17244317404,18.366638655918,
    19.54577283267));
#1596 = CARTESIAN_POINT('',(33.190023095085,18.252912013834,
    19.751110207873));
#1597 = CARTESIAN_POINT('',(33.2,18.130781448422,19.955570726294));
#1598 = CARTESIAN_POINT('',(33.2,18.,20.156921938165));
#1599 = ORIENTED_EDGE('',*,*,#1554,.T.);
#1600 = ORIENTED_EDGE('',*,*,#361,.F.);
#1601 = ORIENTED_EDGE('',*,*,#1602,.F.);
#1602 = EDGE_CURVE('',#1570,#354,#1603,.T.);
#1603 = LINE('',#1604,#1605);
#1604 = CARTESIAN_POINT('',(38.,20.,16.));
#1605 = VECTOR('',#1606,1.);
#1606 = DIRECTION('',(-0.866025403784,-2.576281494458E-17,-0.5));
#1607 = CYLINDRICAL_SURFACE('',#1608,10.);
#1608 = AXIS2_PLACEMENT_3D('',#1609,#1610,#1611);
#1609 = CARTESIAN_POINT('',(38.,10.,16.));
#1610 = DIRECTION('',(0.866025403784,0.,0.5));
#1611 = DIRECTION('',(0.,-1.,1.232595164408E-32));
#1612 = ADVANCED_FACE('',(#1613),#1672,.F.);
#1613 = FACE_BOUND('',#1614,.F.);
#1614 = EDGE_LOOP('',(#1615,#1616,#1639,#1664,#1665));
#1615 = ORIENTED_EDGE('',*,*,#405,.F.);
#1616 = ORIENTED_EDGE('',*,*,#1617,.F.);
#1617 = EDGE_CURVE('',#1618,#406,#1620,.T.);
#1618 = VERTEX_POINT('',#1619);
#1619 = CARTESIAN_POINT('',(12.82593008694,-9.923352956913E-15,
    32.088050883423));
#1620 = B_SPLINE_CURVE_WITH_KNOTS('',9,(#1621,#1622,#1623,#1624,#1625,
    #1626,#1627,#1628,#1629,#1630,#1631,#1632,#1633,#1634,#1635,#1636,
    #1637,#1638),.UNSPECIFIED.,.F.,.F.,(10,8,10),(4.724173926537,
    10.529212962206,10.97477283002),.UNSPECIFIED.);
#1621 = CARTESIAN_POINT('',(12.82593008694,-9.923352956913E-15,
    32.088050883423));
#1622 = CARTESIAN_POINT('',(12.82593003547,-0.62014901669,
    32.088050843151));
#1623 = CARTESIAN_POINT('',(12.899557120995,-1.240364020239,
    32.104626204052));
#1624 = CARTESIAN_POINT('',(13.047328191132,-1.851247963075,
    32.137996414283));
#1625 = CARTESIAN_POINT('',(13.265150473817,-2.443508131522,
    32.187953118031));
#1626 = CARTESIAN_POINT('',(13.555200662252,-3.009896328948,
    32.258439788492));
#1627 = CARTESIAN_POINT('',(13.901539851025,-3.539868323667,
    32.347122602136));
#1628 = CARTESIAN_POINT('',(14.315470975837,-4.033078395461,
    32.464216398284));
#1629 = CARTESIAN_POINT('',(14.774331956303,-4.47278657611,
    32.607608704142));
#1630 = CARTESIAN_POINT('',(15.322996333496,-4.887836098924,
    32.802660436939));
#1631 = CARTESIAN_POINT('',(15.364040309698,-4.91888473894,
    32.817251686183));
#1632 = CARTESIAN_POINT('',(15.40701795745,-4.951396148341,
    32.832530361114));
#1633 = CARTESIAN_POINT('',(15.451929276751,-4.985370327128,
    32.848496461732));
#1634 = CARTESIAN_POINT('',(15.498774267601,-5.020807275301,
    32.865149988037));
#1635 = CARTESIAN_POINT('',(15.547552930001,-5.057706992859,
    32.882490940029));
#1636 = CARTESIAN_POINT('',(15.59826526395,-5.096069479802,
    32.900519317708));
#1637 = CARTESIAN_POINT('',(15.650911269449,-5.135894736131,
    32.919235121074));
#1638 = CARTESIAN_POINT('',(15.705490946497,-5.177182761846,
    32.938638350127));
#1639 = ORIENTED_EDGE('',*,*,#1640,.F.);
#1640 = EDGE_CURVE('',#511,#1618,#1641,.T.);
#1641 = B_SPLINE_CURVE_WITH_KNOTS('',11,(#1642,#1643,#1644,#1645,#1646,
    #1647,#1648,#1649,#1650,#1651,#1652,#1653,#1654,#1655,#1656,#1657,
    #1658,#1659,#1660,#1661,#1662,#1663),.UNSPECIFIED.,.F.,.F.,(12,10,12
    ),(-1.526500756893,-1.080907371187,4.724173926537),.UNSPECIFIED.);
#1642 = CARTESIAN_POINT('',(15.705468960686,5.177168779275,
    32.938629422448));
#1643 = CARTESIAN_POINT('',(15.660813710492,5.143387984702,
    32.92275435024));
#1644 = CARTESIAN_POINT('',(15.617423991403,5.11056453884,
    32.907329178046));
#1645 = CARTESIAN_POINT('',(15.575299803418,5.07869844169,
    32.892353905866));
#1646 = CARTESIAN_POINT('',(15.534441146537,5.047789693253,
    32.877828533698));
#1647 = CARTESIAN_POINT('',(15.494848020761,5.017838293528,
    32.863753061545));
#1648 = CARTESIAN_POINT('',(15.456520426089,4.988844242515,
    32.850127489405));
#1649 = CARTESIAN_POINT('',(15.419458362522,4.960807540214,
    32.836951817278));
#1650 = CARTESIAN_POINT('',(15.383661830059,4.933728186626,
    32.824226045165));
#1651 = CARTESIAN_POINT('',(15.3491308287,4.90760618175,32.811950173065)
  );
#1652 = CARTESIAN_POINT('',(15.315865358446,4.882441525585,
    32.800124200978));
#1653 = CARTESIAN_POINT('',(14.866978063594,4.54286735618,
    32.640543453185));
#1654 = CARTESIAN_POINT('',(14.483009153167,4.19154789467,
    32.516960889891));
#1655 = CARTESIAN_POINT('',(14.131692597086,3.808757901968,
    32.41307494944));
#1656 = CARTESIAN_POINT('',(13.80907150844,3.384170323142,
    32.324240636108));
#1657 = CARTESIAN_POINT('',(13.547040211732,2.961712862206,
    32.258002447875));
#1658 = CARTESIAN_POINT('',(13.297375138659,2.481775781934,
    32.19564286712));
#1659 = CARTESIAN_POINT('',(13.118696665661,2.015565947826,
    32.154901410045));
#1660 = CARTESIAN_POINT('',(12.969174619146,1.515830510941,
    32.12016248267));
#1661 = CARTESIAN_POINT('',(12.874403819122,1.015054057649,
    32.098998245318));
#1662 = CARTESIAN_POINT('',(12.825930129051,0.507399482296,
    32.088050916374));
#1663 = CARTESIAN_POINT('',(12.82593008694,-9.923352956913E-15,
    32.088050883423));
#1664 = ORIENTED_EDGE('',*,*,#542,.T.);
#1665 = ORIENTED_EDGE('',*,*,#1666,.T.);
#1666 = EDGE_CURVE('',#543,#408,#1667,.T.);
#1667 = CIRCLE('',#1668,6.);
#1668 = AXIS2_PLACEMENT_3D('',#1669,#1670,#1671);
#1669 = CARTESIAN_POINT('',(19.031930369122,0.,33.338943082897));
#1670 = DIRECTION('',(-0.5,0.,0.866025403784));
#1671 = DIRECTION('',(-0.612372535756,0.707106665647,-0.353553448363));
#1672 = CYLINDRICAL_SURFACE('',#1673,6.);
#1673 = AXIS2_PLACEMENT_3D('',#1674,#1675,#1676);
#1674 = CARTESIAN_POINT('',(16.281930369122,0.,38.102082803711));
#1675 = DIRECTION('',(-0.5,0.,0.866025403784));
#1676 = DIRECTION('',(0.866025403784,0.,0.5));
#1677 = ADVANCED_FACE('',(#1678),#1711,.T.);
#1678 = FACE_BOUND('',#1679,.T.);
#1679 = EDGE_LOOP('',(#1680,#1688,#1709,#1710));
#1680 = ORIENTED_EDGE('',*,*,#1681,.T.);
#1681 = EDGE_CURVE('',#1618,#1682,#1684,.T.);
#1682 = VERTEX_POINT('',#1683);
#1683 = CARTESIAN_POINT('',(11.296045842835,3.592634517897E-15,
    32.335908784444));
#1684 = ( BOUNDED_CURVE() B_SPLINE_CURVE(2,(#1685,#1686,#1687),
.UNSPECIFIED.,.F.,.F.) B_SPLINE_CURVE_WITH_KNOTS((3,3),(0.,
5.805081297724),.PIECEWISE_BEZIER_KNOTS.) CURVE() 
GEOMETRIC_REPRESENTATION_ITEM() RATIONAL_B_SPLINE_CURVE((1.,
0.632064209655,1.)) REPRESENTATION_ITEM('') );
#1685 = CARTESIAN_POINT('',(12.82593008694,-9.923352956913E-15,
    32.088050883423));
#1686 = CARTESIAN_POINT('',(12.212925896771,-9.142079093749E-09,
    33.149805286048));
#1687 = CARTESIAN_POINT('',(11.296045842835,3.592634517897E-15,
    32.335908784444));
#1688 = ORIENTED_EDGE('',*,*,#1689,.T.);
#1689 = EDGE_CURVE('',#1682,#416,#1690,.T.);
#1690 = B_SPLINE_CURVE_WITH_KNOTS('',9,(#1691,#1692,#1693,#1694,#1695,
    #1696,#1697,#1698,#1699,#1700,#1701,#1702,#1703,#1704,#1705,#1706,
    #1707,#1708),.UNSPECIFIED.,.F.,.F.,(10,8,10),(4.724173926537,
    10.529212962206,10.97477283002),.UNSPECIFIED.);
#1691 = CARTESIAN_POINT('',(11.296045842835,-1.123273583156E-14,
    32.335908784444));
#1692 = CARTESIAN_POINT('',(11.296046412781,-0.770806439952,
    32.335908929936));
#1693 = CARTESIAN_POINT('',(11.382941161827,-1.541491874679,
    32.357749760304));
#1694 = CARTESIAN_POINT('',(11.557733842309,-2.301378083249,
    32.401766516954));
#1695 = CARTESIAN_POINT('',(11.814612824953,-3.036189852955,
    32.467458761219));
#1696 = CARTESIAN_POINT('',(12.157069050853,-3.741901780884,
    32.558740395553));
#1697 = CARTESIAN_POINT('',(12.567917500932,-4.399134154636,
    32.674354704195));
#1698 = CARTESIAN_POINT('',(13.052768356393,-5.011330133205,
    32.820948987609));
#1699 = CARTESIAN_POINT('',(13.600963186897,-5.561171785902,
    33.003263024121));
#1700 = CARTESIAN_POINT('',(14.244848290315,-6.073221622484,
    33.2416177789));
#1701 = CARTESIAN_POINT('',(14.29074619002,-6.109721942057,
    33.258608360871));
#1702 = CARTESIAN_POINT('',(14.336644089725,-6.14622226163,
    33.275598942841));
#1703 = CARTESIAN_POINT('',(14.382541989429,-6.182722581203,
    33.292589524811));
#1704 = CARTESIAN_POINT('',(14.428439889134,-6.219222900777,
    33.309580106781));
#1705 = CARTESIAN_POINT('',(14.474337788839,-6.25572322035,
    33.326570688751));
#1706 = CARTESIAN_POINT('',(14.520235688543,-6.292223539923,
    33.343561270721));
#1707 = CARTESIAN_POINT('',(14.566133588248,-6.328723859496,
    33.360551852692));
#1708 = CARTESIAN_POINT('',(14.612031487953,-6.36522417907,
    33.377542434662));
#1709 = ORIENTED_EDGE('',*,*,#415,.F.);
#1710 = ORIENTED_EDGE('',*,*,#1617,.F.);
#1711 = ( BOUNDED_SURFACE() B_SPLINE_SURFACE(2,9,(
    (#1712,#1713,#1714,#1715,#1716,#1717,#1718,#1719,#1720,#1721,#1722
      ,#1723,#1724,#1725,#1726,#1727,#1728,#1729)
    ,(#1730,#1731,#1732,#1733,#1734,#1735,#1736,#1737,#1738,#1739,#1740
      ,#1741,#1742,#1743,#1744,#1745,#1746,#1747)
    ,(#1748,#1749,#1750,#1751,#1752,#1753,#1754,#1755,#1756,#1757,#1758
      ,#1759,#1760,#1761,#1762,#1763,#1764,#1765
)),.UNSPECIFIED.,.F.,.F.,.F.) B_SPLINE_SURFACE_WITH_KNOTS((3,3),(10,8,10
    ),(0.,5.805039035669),(4.724173926537,10.529212962206,10.97477283002
),.UNSPECIFIED.) GEOMETRIC_REPRESENTATION_ITEM() 
RATIONAL_B_SPLINE_SURFACE((
    (1.,1.,1.,1.,1.,1.,1.,1.,1.,1.,1.,1.,1.,1.,1.,1.,1.,1.)
    ,(0.632064209655,0.632064193787,0.629527988878,0.624411266972
      ,0.617005772585,0.607232170588,0.595984068001,0.583283879297
      ,0.570143213818,0.556749823648,0.556033785404,0.555556426574
      ,0.55531774716,0.55531774716,0.555556426574,0.556033785404
      ,0.556749823648,0.557704541307)
    ,(1.,1.,1.,1.,1.,1.,1.,1.,1.,1.,1.,1.,1.,1.,1.,1.,1.,1.
))) REPRESENTATION_ITEM('') SURFACE() );
#1712 = CARTESIAN_POINT('',(12.82593008694,-9.923352956913E-15,
    32.088050883423));
#1713 = CARTESIAN_POINT('',(12.82593003547,-0.62014901669,
    32.088050843151));
#1714 = CARTESIAN_POINT('',(12.899557120995,-1.240364020239,
    32.104626204052));
#1715 = CARTESIAN_POINT('',(13.047328191132,-1.851247963075,
    32.137996414283));
#1716 = CARTESIAN_POINT('',(13.265150473817,-2.443508131522,
    32.187953118031));
#1717 = CARTESIAN_POINT('',(13.555200662252,-3.009896328948,
    32.258439788492));
#1718 = CARTESIAN_POINT('',(13.901539851025,-3.539868323667,
    32.347122602136));
#1719 = CARTESIAN_POINT('',(14.315470975837,-4.033078395461,
    32.464216398284));
#1720 = CARTESIAN_POINT('',(14.774331956303,-4.47278657611,
    32.607608704142));
#1721 = CARTESIAN_POINT('',(15.322996333496,-4.887836098924,
    32.802660436939));
#1722 = CARTESIAN_POINT('',(15.364040309698,-4.91888473894,
    32.817251686183));
#1723 = CARTESIAN_POINT('',(15.40701795745,-4.951396148341,
    32.832530361114));
#1724 = CARTESIAN_POINT('',(15.451929276751,-4.985370327128,
    32.848496461732));
#1725 = CARTESIAN_POINT('',(15.498774267601,-5.020807275301,
    32.865149988037));
#1726 = CARTESIAN_POINT('',(15.547552930001,-5.057706992859,
    32.882490940029));
#1727 = CARTESIAN_POINT('',(15.59826526395,-5.096069479802,
    32.900519317708));
#1728 = CARTESIAN_POINT('',(15.650911269449,-5.135894736131,
    32.919235121074));
#1729 = CARTESIAN_POINT('',(15.705490946497,-5.177182761846,
    32.938638350127));
#1730 = CARTESIAN_POINT('',(12.212925896771,-9.142098189585E-09,
    33.149805286048));
#1731 = CARTESIAN_POINT('',(12.212925881022,-0.646767977278,
    33.149805309661));
#1732 = CARTESIAN_POINT('',(12.288570052891,-1.29895570895,
    33.176160030079));
#1733 = CARTESIAN_POINT('',(12.441210994929,-1.941446532607,
    33.229505703903));
#1734 = CARTESIAN_POINT('',(12.669908513074,-2.56295982432,
    33.310094369844));
#1735 = CARTESIAN_POINT('',(12.966213460095,-3.142722675563,
    33.418995483173));
#1736 = CARTESIAN_POINT('',(13.318904347386,-3.678482638163,
    33.553234783489));
#1737 = CARTESIAN_POINT('',(13.725126846078,-4.158624043853,
    33.718486911647));
#1738 = CARTESIAN_POINT('',(14.160175039375,-4.575580373482,
    33.90675014834));
#1739 = CARTESIAN_POINT('',(14.672788629277,-4.964196420408,
    34.143371046586));
#1740 = CARTESIAN_POINT('',(14.712339191077,-4.994179985579,
    34.161627467491));
#1741 = CARTESIAN_POINT('',(14.754042346092,-5.025795447138,
    34.18087751898));
#1742 = CARTESIAN_POINT('',(14.797849872605,-5.059006247855,
    34.201098942051));
#1743 = CARTESIAN_POINT('',(14.843707997701,-5.093771622097,
    34.222266915288));
#1744 = CARTESIAN_POINT('',(14.891557616365,-5.130046761926,
    34.244354155993));
#1745 = CARTESIAN_POINT('',(14.941334545189,-5.16778300944,
    34.267331037298));
#1746 = CARTESIAN_POINT('',(14.992969808418,-5.206928073623,
    34.291165720199));
#1747 = CARTESIAN_POINT('',(15.046389953647,-5.24742626968,
    34.315824299288));
#1748 = CARTESIAN_POINT('',(11.296045842835,-1.123273583156E-14,
    32.335908784444));
#1749 = CARTESIAN_POINT('',(11.296046412781,-0.770806439952,
    32.335908929936));
#1750 = CARTESIAN_POINT('',(11.382941161827,-1.541491874679,
    32.357749760304));
#1751 = CARTESIAN_POINT('',(11.557733842309,-2.301378083249,
    32.401766516954));
#1752 = CARTESIAN_POINT('',(11.814612824953,-3.036189852955,
    32.467458761219));
#1753 = CARTESIAN_POINT('',(12.157069050853,-3.741901780884,
    32.558740395553));
#1754 = CARTESIAN_POINT('',(12.567917500932,-4.399134154636,
    32.674354704195));
#1755 = CARTESIAN_POINT('',(13.052768356393,-5.011330133205,
    32.820948987609));
#1756 = CARTESIAN_POINT('',(13.600963186897,-5.561171785902,
    33.003263024121));
#1757 = CARTESIAN_POINT('',(14.244848290315,-6.073221622484,
    33.2416177789));
#1758 = CARTESIAN_POINT('',(14.29074619002,-6.109721942057,
    33.258608360871));
#1759 = CARTESIAN_POINT('',(14.336644089725,-6.14622226163,
    33.275598942841));
#1760 = CARTESIAN_POINT('',(14.382541989429,-6.182722581203,
    33.292589524811));
#1761 = CARTESIAN_POINT('',(14.428439889134,-6.219222900777,
    33.309580106781));
#1762 = CARTESIAN_POINT('',(14.474337788839,-6.25572322035,
    33.326570688751));
#1763 = CARTESIAN_POINT('',(14.520235688543,-6.292223539923,
    33.343561270721));
#1764 = CARTESIAN_POINT('',(14.566133588248,-6.328723859496,
    33.360551852692));
#1765 = CARTESIAN_POINT('',(14.612031487953,-6.36522417907,
    33.377542434662));
#1766 = ADVANCED_FACE('',(#1767),#1779,.F.);
#1767 = FACE_BOUND('',#1768,.T.);
#1768 = EDGE_LOOP('',(#1769,#1770,#1771,#1772));
#1769 = ORIENTED_EDGE('',*,*,#550,.F.);
#1770 = ORIENTED_EDGE('',*,*,#1666,.T.);
#1771 = ORIENTED_EDGE('',*,*,#590,.T.);
#1772 = ORIENTED_EDGE('',*,*,#1773,.F.);
#1773 = EDGE_CURVE('',#551,#583,#1774,.T.);
#1774 = CIRCLE('',#1775,4.5);
#1775 = AXIS2_PLACEMENT_3D('',#1776,#1777,#1778);
#1776 = CARTESIAN_POINT('',(19.781930369122,0.,32.03990497722));
#1777 = DIRECTION('',(-0.5,0.,0.866025403784));
#1778 = DIRECTION('',(-0.612372535756,0.707106665647,-0.353553448363));
#1779 = TOROIDAL_SURFACE('',#1780,4.5,1.5);
#1780 = AXIS2_PLACEMENT_3D('',#1781,#1782,#1783);
#1781 = CARTESIAN_POINT('',(19.031930369122,0.,33.338943082897));
#1782 = DIRECTION('',(0.5,0.,-0.866025403784));
#1783 = DIRECTION('',(-0.612372535756,0.707106665647,-0.353553448363));
#1784 = ADVANCED_FACE('',(#1785),#1922,.T.);
#1785 = FACE_BOUND('',#1786,.T.);
#1786 = EDGE_LOOP('',(#1787,#1788,#1789,#1796,#1797,#1914,#1915));
#1787 = ORIENTED_EDGE('',*,*,#447,.F.);
#1788 = ORIENTED_EDGE('',*,*,#1689,.F.);
#1789 = ORIENTED_EDGE('',*,*,#1790,.T.);
#1790 = EDGE_CURVE('',#1682,#790,#1791,.T.);
#1791 = CIRCLE('',#1792,43.238038590719);
#1792 = AXIS2_PLACEMENT_3D('',#1793,#1794,#1795);
#1793 = CARTESIAN_POINT('',(40.,-3.552713678801E-15,0.));
#1794 = DIRECTION('',(-0.,-1.,0.));
#1795 = DIRECTION('',(-0.610395515283,0.,0.79209678381));
#1796 = ORIENTED_EDGE('',*,*,#820,.T.);
#1797 = ORIENTED_EDGE('',*,*,#1798,.T.);
#1798 = EDGE_CURVE('',#821,#852,#1799,.T.);
#1799 = B_SPLINE_CURVE_WITH_KNOTS('',8,(#1800,#1801,#1802,#1803,#1804,
    #1805,#1806,#1807,#1808,#1809,#1810,#1811,#1812,#1813,#1814,#1815,
    #1816,#1817,#1818,#1819,#1820,#1821,#1822,#1823,#1824,#1825,#1826,
    #1827,#1828,#1829,#1830,#1831,#1832,#1833,#1834,#1835,#1836,#1837,
    #1838,#1839,#1840,#1841,#1842,#1843,#1844,#1845,#1846,#1847,#1848,
    #1849,#1850,#1851,#1852,#1853,#1854,#1855,#1856,#1857,#1858,#1859,
    #1860,#1861,#1862,#1863,#1864,#1865,#1866,#1867,#1868,#1869,#1870,
    #1871,#1872,#1873,#1874,#1875,#1876,#1877,#1878,#1879,#1880,#1881,
    #1882,#1883,#1884,#1885,#1886,#1887,#1888,#1889,#1890,#1891,#1892,
    #1893,#1894,#1895,#1896,#1897,#1898,#1899,#1900,#1901,#1902,#1903,
    #1904,#1905,#1906,#1907,#1908,#1909,#1910,#1911,#1912,#1913),
  .UNSPECIFIED.,.F.,.F.,(9,7,7,7,7,7,7,7,7,7,7,7,7,7,7,7,9),(0.,
    0.208076189368,0.313231099804,0.415015411652,0.457483971323,
    0.500852429343,0.536856139318,0.558502176727,0.574439494835,
    0.583891930794,0.597437426127,0.619895387889,0.647132870672,
    0.730664601789,0.851676868961,0.967140039089,1.),.UNSPECIFIED.);
#1800 = CARTESIAN_POINT('',(3.328710709959,-12.97355477679,
    -3.12798302557E-04));
#1801 = CARTESIAN_POINT('',(3.328707285703,-12.97355553632,
    0.522984298549));
#1802 = CARTESIAN_POINT('',(3.33525076656,-12.97210405529,1.046272423988
    ));
#1803 = CARTESIAN_POINT('',(3.348341300227,-12.96920078409,
    1.569507809253));
#1804 = CARTESIAN_POINT('',(3.368068594292,-12.9649076741,2.092637533277
    ));
#1805 = CARTESIAN_POINT('',(3.394616516999,-12.95935216914,
    2.615599208915));
#1806 = CARTESIAN_POINT('',(3.428267035394,-12.95273186167,
    3.138320847423));
#1807 = CARTESIAN_POINT('',(3.469425963409,-12.94533497947,
    3.660720171482));
#1808 = CARTESIAN_POINT('',(3.543590939894,-12.93367875295,
    4.446495542464));
#1809 = CARTESIAN_POINT('',(3.570559408861,-12.92967733839,
    4.710178153783));
#1810 = CARTESIAN_POINT('',(3.599675496778,-12.9256430272,4.973738460439
    ));
#1811 = CARTESIAN_POINT('',(3.631029715217,-12.9216412157,5.237160852484
    ));
#1812 = CARTESIAN_POINT('',(3.664726983879,-12.91774824672,
    5.500426080261));
#1813 = CARTESIAN_POINT('',(3.700890648086,-12.91405442456,
    5.763510989546));
#1814 = CARTESIAN_POINT('',(3.739669519782,-12.91066909224,
    6.026388042168));
#1815 = CARTESIAN_POINT('',(3.821493624158,-12.90488073018,
    6.543242741251));
#1816 = CARTESIAN_POINT('',(3.864360311073,-12.90244978586,
    6.797223628605));
#1817 = CARTESIAN_POINT('',(3.910017570813,-12.90055850425,
    7.050947478659));
#1818 = CARTESIAN_POINT('',(3.958662987522,-12.89935229266,
    7.304379368864));
#1819 = CARTESIAN_POINT('',(4.010540260093,-12.89901143828,
    7.557466960471));
#1820 = CARTESIAN_POINT('',(4.06594626071,-12.89975682991,7.810139742081
    ));
#1821 = CARTESIAN_POINT('',(4.125263194883,-12.90187260851,
    8.062305307304));
#1822 = CARTESIAN_POINT('',(4.215667293496,-12.90739613974,
    8.418787905838));
#1823 = CARTESIAN_POINT('',(4.243060522585,-12.90933245261,
    8.523624990931));
#1824 = CARTESIAN_POINT('',(4.271272318475,-12.9116087433,8.628340286609
    ));
#1825 = CARTESIAN_POINT('',(4.300348827503,-12.91425899794,
    8.732921945389));
#1826 = CARTESIAN_POINT('',(4.330342344734,-12.91732184845,8.83735529841
    ));
#1827 = CARTESIAN_POINT('',(4.36131332983,-12.9208419823,8.941622510186)
  );
#1828 = CARTESIAN_POINT('',(4.39333380971,-12.92487248996,9.045701988588
    ));
#1829 = CARTESIAN_POINT('',(4.460353143809,-12.93418140307,
    9.255633997233));
#1830 = CARTESIAN_POINT('',(4.495397827695,-12.93948401705,
    9.361468401322));
#1831 = CARTESIAN_POINT('',(4.531723141112,-12.94545560175,
    9.467050544733));
#1832 = CARTESIAN_POINT('',(4.569440491632,-12.95217756625,
    9.572347185705));
#1833 = CARTESIAN_POINT('',(4.608686060775,-12.95975037823,
    9.677309411555));
#1834 = CARTESIAN_POINT('',(4.649625188883,-12.96829678607,
    9.781871619214));
#1835 = CARTESIAN_POINT('',(4.692470952269,-12.97797472079,
    9.885947094126));
#1836 = CARTESIAN_POINT('',(4.774950069151,-12.99817786837,
    10.075312475703));
#1837 = CARTESIAN_POINT('',(4.813863507166,-13.00827297045,
    10.160721597598));
#1838 = CARTESIAN_POINT('',(4.854477911367,-13.01943281905,
    10.245638430761));
#1839 = CARTESIAN_POINT('',(4.897036518108,-13.03183145924,
    10.329984617504));
#1840 = CARTESIAN_POINT('',(4.941803526217,-13.04566811339,
    10.413619244973));
#1841 = CARTESIAN_POINT('',(4.989183227419,-13.06125242663,
    10.496287712723));
#1842 = CARTESIAN_POINT('',(5.03963570666,-13.07894553522,
    10.577658210043));
#1843 = CARTESIAN_POINT('',(5.127012775206,-13.11190863222,
    10.70488663541));
#1844 = CARTESIAN_POINT('',(5.161142294974,-13.1252687995,
    10.751721827985));
#1845 = CARTESIAN_POINT('',(5.196943018245,-13.1398184873,
    10.797728423123));
#1846 = CARTESIAN_POINT('',(5.234773296332,-13.15581424545,
    10.842756870013));
#1847 = CARTESIAN_POINT('',(5.274934269892,-13.17350658829,
    10.886493563656));
#1848 = CARTESIAN_POINT('',(5.317885985162,-13.19331587509,
    10.928232673478));
#1849 = CARTESIAN_POINT('',(5.363985407727,-13.21562331624,
    10.967134494571));
#1850 = CARTESIAN_POINT('',(5.451517170072,-13.2605040855,
    11.026760532785));
#1851 = CARTESIAN_POINT('',(5.491971057904,-13.28196720873,
    11.050250594491));
#1852 = CARTESIAN_POINT('',(5.53536296626,-13.3059039095,11.070284823674
    ));
#1853 = CARTESIAN_POINT('',(5.581033148876,-13.33222626708,
    11.084980296388));
#1854 = CARTESIAN_POINT('',(5.628082089382,-13.36066379724,
    11.092608488951));
#1855 = CARTESIAN_POINT('',(5.675267712857,-13.39064199102,
    11.091836889044));
#1856 = CARTESIAN_POINT('',(5.720983786217,-13.42107995615,
    11.082841099453));
#1857 = CARTESIAN_POINT('',(5.787976891739,-13.46740092356,
    11.059327529565));
#1858 = CARTESIAN_POINT('',(5.811767971761,-13.48426288095,
    11.048496993396));
#1859 = CARTESIAN_POINT('',(5.834359698589,-13.5006522355,
    11.035910869977));
#1860 = CARTESIAN_POINT('',(5.855773472273,-13.51652496017,
    11.02189151519));
#1861 = CARTESIAN_POINT('',(5.876065705596,-13.53186777522,
    11.006717588036));
#1862 = CARTESIAN_POINT('',(5.895314521876,-13.54669190174,
    10.990609313232));
#1863 = CARTESIAN_POINT('',(5.913616623599,-13.56103097888,
    10.973725959928));
#1864 = CARTESIAN_POINT('',(5.956110341308,-13.59486882795,
    10.930981466405));
#1865 = CARTESIAN_POINT('',(5.980418525282,-13.6147078778,
    10.903394881609));
#1866 = CARTESIAN_POINT('',(6.004050797046,-13.63445844238,
    10.87350737665));
#1867 = CARTESIAN_POINT('',(6.027043073872,-13.65412053045,
    10.841413575211));
#1868 = CARTESIAN_POINT('',(6.049426590685,-13.6736934887,
    10.807195283709));
#1869 = CARTESIAN_POINT('',(6.071230133052,-13.69317714492,
    10.770922860236));
#1870 = CARTESIAN_POINT('',(6.092480928062,-13.71257222802,
    10.732655703492));
#1871 = CARTESIAN_POINT('',(6.147562648237,-13.76389179021,
    10.62576870591));
#1872 = CARTESIAN_POINT('',(6.178482271843,-13.79381064292,
    10.557604515742));
#1873 = CARTESIAN_POINT('',(6.20680842711,-13.82209854599,
    10.488402164099));
#1874 = CARTESIAN_POINT('',(6.232964384643,-13.84898353544,
    10.418424588974));
#1875 = CARTESIAN_POINT('',(6.257300494634,-13.87465873848,
    10.347869084333));
#1876 = CARTESIAN_POINT('',(6.280057560365,-13.89926116815,
    10.276851580722));
#1877 = CARTESIAN_POINT('',(6.301444177555,-13.92291491238,
    10.205436865082));
#1878 = CARTESIAN_POINT('',(6.346108581224,-13.97339219276,
    10.046548748187));
#1879 = CARTESIAN_POINT('',(6.368799448396,-13.99979510461,9.95896917224
    ));
#1880 = CARTESIAN_POINT('',(6.389983352022,-14.02510189174,
    9.870994455854));
#1881 = CARTESIAN_POINT('',(6.409860068661,-14.04943150417,
    9.782697973186));
#1882 = CARTESIAN_POINT('',(6.428580200398,-14.07287461568,
    9.694134277429));
#1883 = CARTESIAN_POINT('',(6.446266677422,-14.09550635785,
    9.605343916532));
#1884 = CARTESIAN_POINT('',(6.463024515918,-14.11739205339,
    9.516355513564));
#1885 = CARTESIAN_POINT('',(6.527744747749,-14.20358324537,
    9.153717916234));
#1886 = CARTESIAN_POINT('',(6.568599512273,-14.26204686634,
    8.878666870229));
#1887 = CARTESIAN_POINT('',(6.60399226914,-14.31555393904,8.602586985425
    ));
#1888 = CARTESIAN_POINT('',(6.634958144659,-14.36478823046,
    8.325777341782));
#1889 = CARTESIAN_POINT('',(6.662403569875,-14.41035681651,
    8.048464158995));
#1890 = CARTESIAN_POINT('',(6.686859984005,-14.45263777979,
    7.770762209817));
#1891 = CARTESIAN_POINT('',(6.708797339418,-14.49197129391,
    7.492723275236));
#1892 = CARTESIAN_POINT('',(6.757189354928,-14.58171045887,
    6.811005208015));
#1893 = CARTESIAN_POINT('',(6.781244004094,-14.62914309046,6.40710841801
    ));
#1894 = CARTESIAN_POINT('',(6.801776088501,-14.67170104527,
    6.002784773178));
#1895 = CARTESIAN_POINT('',(6.819424393555,-14.70989403225,
    5.598142266424));
#1896 = CARTESIAN_POINT('',(6.834652457327,-14.74411048695,
    5.193260094815));
#1897 = CARTESIAN_POINT('',(6.847820032735,-14.77466326529,
    4.788192883535));
#1898 = CARTESIAN_POINT('',(6.859190334773,-14.8017938639,4.382970933115
    ));
#1899 = CARTESIAN_POINT('',(6.878312586556,-14.848512192,3.590824593175)
  );
#1900 = CARTESIAN_POINT('',(6.886205810779,-14.86838748885,
    3.203931542364));
#1901 = CARTESIAN_POINT('',(6.892837042526,-14.88549755961,
    2.816947623947));
#1902 = CARTESIAN_POINT('',(6.898339431741,-14.89997337291,2.42989274697
    ));
#1903 = CARTESIAN_POINT('',(6.902810988681,-14.91191499595,
    2.042783832049));
#1904 = CARTESIAN_POINT('',(6.906323444299,-14.9213973153,1.655635014198
    ));
#1905 = CARTESIAN_POINT('',(6.908926711387,-14.92847285024,
    1.268457739292));
#1906 = CARTESIAN_POINT('',(6.911139081804,-14.93450890437,
    0.771067367112));
#1907 = CARTESIAN_POINT('',(6.911557868131,-14.93565365639,
    0.660872534195));
#1908 = CARTESIAN_POINT('',(6.91190595932,-14.93660661091,0.550676509162
    ));
#1909 = CARTESIAN_POINT('',(6.912183877922,-14.93736832475,
    0.440479543165));
#1910 = CARTESIAN_POINT('',(6.912392015181,-14.9379392151,0.33028188476)
  );
#1911 = CARTESIAN_POINT('',(6.912530631038,-14.93831955957,
    0.220083779905));
#1912 = CARTESIAN_POINT('',(6.912599854125,-14.93850949615,
    0.109885471962));
#1913 = CARTESIAN_POINT('',(6.912599681772,-14.93850902324,
    -3.127983025587E-04));
#1914 = ORIENTED_EDGE('',*,*,#860,.T.);
#1915 = ORIENTED_EDGE('',*,*,#1916,.F.);
#1916 = EDGE_CURVE('',#448,#861,#1917,.T.);
#1917 = CIRCLE('',#1918,27.461299576584);
#1918 = AXIS2_PLACEMENT_3D('',#1919,#1920,#1921);
#1919 = CARTESIAN_POINT('',(40.,-16.,0.));
#1920 = DIRECTION('',(-0.,-1.,0.));
#1921 = DIRECTION('',(-0.669753621606,0.,0.742583386797));
#1922 = SURFACE_OF_REVOLUTION('',#1923,#1928);
#1923 = CIRCLE('',#1924,16.);
#1924 = AXIS2_PLACEMENT_3D('',#1925,#1926,#1927);
#1925 = CARTESIAN_POINT('',(21.607695154587,-3.330669073875E-15,
    20.392304845413));
#1926 = DIRECTION('',(0.866025403784,1.922962686384E-16,0.5));
#1927 = DIRECTION('',(-2.22044604925E-16,1.,1.232595164408E-32));
#1928 = AXIS1_PLACEMENT('',#1929,#1930);
#1929 = CARTESIAN_POINT('',(40.,-16.,0.));
#1930 = DIRECTION('',(-0.,-1.,-0.));
#1931 = ADVANCED_FACE('',(#1932),#1936,.T.);
#1932 = FACE_BOUND('',#1933,.T.);
#1933 = EDGE_LOOP('',(#1934,#1935));
#1934 = ORIENTED_EDGE('',*,*,#582,.F.);
#1935 = ORIENTED_EDGE('',*,*,#1773,.T.);
#1936 = PLANE('',#1937);
#1937 = AXIS2_PLACEMENT_3D('',#1938,#1939,#1940);
#1938 = CARTESIAN_POINT('',(15.638452050947,9.977983573721E-16,
    29.64766665484));
#1939 = DIRECTION('',(-0.5,0.,0.866025403784));
#1940 = DIRECTION('',(0.866025403784,0.,0.5));
#1941 = ADVANCED_FACE('',(#1942),#1954,.F.);
#1942 = FACE_BOUND('',#1943,.F.);
#1943 = EDGE_LOOP('',(#1944,#1945,#1952,#1953));
#1944 = ORIENTED_EDGE('',*,*,#456,.F.);
#1945 = ORIENTED_EDGE('',*,*,#1946,.T.);
#1946 = EDGE_CURVE('',#457,#892,#1947,.T.);
#1947 = CIRCLE('',#1948,21.62975027383);
#1948 = AXIS2_PLACEMENT_3D('',#1949,#1950,#1951);
#1949 = CARTESIAN_POINT('',(40.,-18.,0.));
#1950 = DIRECTION('',(-0.,-1.,0.));
#1951 = DIRECTION('',(-0.711626562977,0.,0.702557922783));
#1952 = ORIENTED_EDGE('',*,*,#891,.T.);
#1953 = ORIENTED_EDGE('',*,*,#1916,.F.);
#1954 = SURFACE_OF_REVOLUTION('',#1955,#1960);
#1955 = CIRCLE('',#1956,10.);
#1956 = AXIS2_PLACEMENT_3D('',#1957,#1958,#1959);
#1957 = CARTESIAN_POINT('',(21.607695154587,-26.,20.392304845413));
#1958 = DIRECTION('',(0.866025403784,1.922962686384E-16,0.5));
#1959 = DIRECTION('',(-2.22044604925E-16,1.,1.232595164408E-32));
#1960 = AXIS1_PLACEMENT('',#1961,#1962);
#1961 = CARTESIAN_POINT('',(40.,-16.,0.));
#1962 = DIRECTION('',(-0.,-1.,-0.));
#1963 = ADVANCED_FACE('',(#1964),#1970,.T.);
#1964 = FACE_BOUND('',#1965,.T.);
#1965 = EDGE_LOOP('',(#1966,#1967,#1968,#1969));
#1966 = ORIENTED_EDGE('',*,*,#465,.F.);
#1967 = ORIENTED_EDGE('',*,*,#1946,.T.);
#1968 = ORIENTED_EDGE('',*,*,#913,.T.);
#1969 = ORIENTED_EDGE('',*,*,#1466,.F.);
#1970 = SURFACE_OF_REVOLUTION('',#1971,#1976);
#1971 = CIRCLE('',#1972,10.);
#1972 = AXIS2_PLACEMENT_3D('',#1973,#1974,#1975);
#1973 = CARTESIAN_POINT('',(27.607695154587,-10.,10.));
#1974 = DIRECTION('',(0.866025403784,1.922962686384E-16,0.5));
#1975 = DIRECTION('',(-2.22044604925E-16,1.,1.232595164408E-32));
#1976 = AXIS1_PLACEMENT('',#1977,#1978);
#1977 = CARTESIAN_POINT('',(40.,-16.,0.));
#1978 = DIRECTION('',(-0.,-1.,-0.));
#1979 = ADVANCED_FACE('',(#1980),#2010,.T.);
#1980 = FACE_BOUND('',#1981,.T.);
#1981 = EDGE_LOOP('',(#1982,#1983,#2008,#2009));
#1982 = ORIENTED_EDGE('',*,*,#510,.T.);
#1983 = ORIENTED_EDGE('',*,*,#1984,.T.);
#1984 = EDGE_CURVE('',#502,#1682,#1985,.T.);
#1985 = B_SPLINE_CURVE_WITH_KNOTS('',11,(#1986,#1987,#1988,#1989,#1990,
    #1991,#1992,#1993,#1994,#1995,#1996,#1997,#1998,#1999,#2000,#2001,
    #2002,#2003,#2004,#2005,#2006,#2007),.UNSPECIFIED.,.F.,.F.,(12,10,12
    ),(-1.526500756893,-1.080907371187,4.724173926537),.UNSPECIFIED.);
#1986 = CARTESIAN_POINT('',(14.612031527787,6.365224298772,
    33.377542399967));
#1987 = CARTESIAN_POINT('',(14.574478699741,6.335360402849,
    33.36364101336));
#1988 = CARTESIAN_POINT('',(14.536925871694,6.305496506926,
    33.349739626752));
#1989 = CARTESIAN_POINT('',(14.499373043647,6.275632611003,
    33.335838240145));
#1990 = CARTESIAN_POINT('',(14.4618202156,6.24576871508,33.321936853537)
  );
#1991 = CARTESIAN_POINT('',(14.424267387554,6.215904819157,
    33.30803546693));
#1992 = CARTESIAN_POINT('',(14.386714559507,6.186040923234,
    33.294134080322));
#1993 = CARTESIAN_POINT('',(14.34916173146,6.156177027312,
    33.280232693715));
#1994 = CARTESIAN_POINT('',(14.311608903413,6.126313131389,
    33.266331307107));
#1995 = CARTESIAN_POINT('',(14.274056075367,6.096449235466,33.2524299205
    ));
#1996 = CARTESIAN_POINT('',(14.23650324732,6.066585339543,
    33.238528533892));
#1997 = CARTESIAN_POINT('',(13.709721389481,5.647661934973,
    33.04352329342));
#1998 = CARTESIAN_POINT('',(13.253343915673,5.210139349015,
    32.888076868162));
#1999 = CARTESIAN_POINT('',(12.835166294285,4.729615225339,
    32.755967491954));
#2000 = CARTESIAN_POINT('',(12.464107730627,4.213618448777,
    32.646436493406));
#2001 = CARTESIAN_POINT('',(12.139222669779,3.67176541379,
    32.554904461023));
#2002 = CARTESIAN_POINT('',(11.859828445351,3.092063166779,
    32.480127528625));
#2003 = CARTESIAN_POINT('',(11.638030855248,2.501012212589,
    32.422361934103));
#2004 = CARTESIAN_POINT('',(11.466530911847,1.885459240894,
    32.378785588581));
#2005 = CARTESIAN_POINT('',(11.353081503369,1.261423576665,32.3502517901
    ));
#2006 = CARTESIAN_POINT('',(11.296045376516,0.630654141926,
    32.335908665405));
#2007 = CARTESIAN_POINT('',(11.296045842835,3.592634517897E-15,
    32.335908784444));
#2008 = ORIENTED_EDGE('',*,*,#1681,.F.);
#2009 = ORIENTED_EDGE('',*,*,#1640,.F.);
#2010 = ( BOUNDED_SURFACE() B_SPLINE_SURFACE(2,11,(
    (#2011,#2012,#2013,#2014,#2015,#2016,#2017,#2018,#2019,#2020,#2021
      ,#2022,#2023,#2024,#2025,#2026,#2027,#2028,#2029,#2030,#2031,#2032
      )
    ,(#2033,#2034,#2035,#2036,#2037,#2038,#2039,#2040,#2041,#2042,#2043
      ,#2044,#2045,#2046,#2047,#2048,#2049,#2050,#2051,#2052,#2053,#2054
      )
    ,(#2055,#2056,#2057,#2058,#2059,#2060,#2061,#2062,#2063,#2064,#2065
      ,#2066,#2067,#2068,#2069,#2070,#2071,#2072,#2073,#2074,#2075,#2076
)),.UNSPECIFIED.,.F.,.F.,.F.) B_SPLINE_SURFACE_WITH_KNOTS((3,3),(12,10,
    12),(0.,5.805081297724),(-1.526500756893,-1.080907371187,
4.724173926537),.UNSPECIFIED.) GEOMETRIC_REPRESENTATION_ITEM() 
RATIONAL_B_SPLINE_SURFACE((
    (1.,1.,1.,1.,1.,1.,1.,1.,1.,1.,1.,1.,1.,1.,1.,1.,1.,1.,1.,1.,1.,1.)
    ,(0.557704398276,0.556923278197,0.556298382133,0.555829710086
      ,0.555517262054,0.555361038038,0.555361038038,0.555517262054
      ,0.555829710086,0.556298382133,0.556923278197,0.567880639014
      ,0.578503841253,0.589073138254,0.598851614347,0.607860196884
      ,0.615717686055,0.622100858323,0.627086035354,0.63039775983
      ,0.632064222639,0.632064209655)
    ,(1.,1.,1.,1.,1.,1.,1.,1.,1.,1.,1.,1.,1.,1.,1.,1.,1.,1.,1.,1.,1.,1.
))) REPRESENTATION_ITEM('') SURFACE() );
#2011 = CARTESIAN_POINT('',(15.705468960686,5.177168779275,
    32.938629422448));
#2012 = CARTESIAN_POINT('',(15.660813710492,5.143387984702,
    32.92275435024));
#2013 = CARTESIAN_POINT('',(15.617423991403,5.11056453884,
    32.907329178046));
#2014 = CARTESIAN_POINT('',(15.575299803418,5.07869844169,
    32.892353905866));
#2015 = CARTESIAN_POINT('',(15.534441146537,5.047789693253,
    32.877828533698));
#2016 = CARTESIAN_POINT('',(15.494848020761,5.017838293528,
    32.863753061545));
#2017 = CARTESIAN_POINT('',(15.456520426089,4.988844242515,
    32.850127489405));
#2018 = CARTESIAN_POINT('',(15.419458362522,4.960807540214,
    32.836951817278));
#2019 = CARTESIAN_POINT('',(15.383661830059,4.933728186626,
    32.824226045165));
#2020 = CARTESIAN_POINT('',(15.3491308287,4.90760618175,32.811950173065)
  );
#2021 = CARTESIAN_POINT('',(15.315865358446,4.882441525585,
    32.800124200978));
#2022 = CARTESIAN_POINT('',(14.866978063594,4.54286735618,
    32.640543453185));
#2023 = CARTESIAN_POINT('',(14.483009153167,4.19154789467,
    32.516960889891));
#2024 = CARTESIAN_POINT('',(14.131692597086,3.808757901968,
    32.41307494944));
#2025 = CARTESIAN_POINT('',(13.80907150844,3.384170323142,
    32.324240636108));
#2026 = CARTESIAN_POINT('',(13.547040211732,2.961712862206,
    32.258002447875));
#2027 = CARTESIAN_POINT('',(13.297375138659,2.481775781934,
    32.19564286712));
#2028 = CARTESIAN_POINT('',(13.118696665661,2.015565947826,
    32.154901410045));
#2029 = CARTESIAN_POINT('',(12.969174619146,1.515830510941,
    32.12016248267));
#2030 = CARTESIAN_POINT('',(12.874403819122,1.015054057649,
    32.098998245318));
#2031 = CARTESIAN_POINT('',(12.825930129051,0.507399482296,
    32.088050916374));
#2032 = CARTESIAN_POINT('',(12.82593008694,-9.923352956913E-15,
    32.088050883423));
#2033 = CARTESIAN_POINT('',(15.046362626756,5.247409435066,
    34.315811639404));
#2034 = CARTESIAN_POINT('',(15.002670242907,5.214285554296,
    34.295643553371));
#2035 = CARTESIAN_POINT('',(14.960137183358,5.182040575442,
    34.276010602989));
#2036 = CARTESIAN_POINT('',(14.918803221851,5.150704651602,
    34.256931147526));
#2037 = CARTESIAN_POINT('',(14.878706265443,5.120306520708,
    34.238422684603));
#2038 = CARTESIAN_POINT('',(14.839882239991,5.090873418716,
    34.220501797334));
#2039 = CARTESIAN_POINT('',(14.802364983524,5.062430998767,
    34.203184105108));
#2040 = CARTESIAN_POINT('',(14.766186148144,5.035003256815,
    34.186484218304));
#2041 = CARTESIAN_POINT('',(14.731375111066,5.008612464185,
    34.170415697229));
#2042 = CARTESIAN_POINT('',(14.69795889531,4.983279107454,
    34.154991015514));
#2043 = CARTESIAN_POINT('',(14.665962100503,4.959021835984,
    34.140221528167));
#2044 = CARTESIAN_POINT('',(14.245021225167,4.639899963075,
    33.945918287179));
#2045 = CARTESIAN_POINT('',(13.880798529341,4.306003662269,
    33.786176961726));
#2046 = CARTESIAN_POINT('',(13.542152666863,3.937104136775,
    33.644378124964));
#2047 = CARTESIAN_POINT('',(13.217946816091,3.513689634813,
    33.516229635335));
#2048 = CARTESIAN_POINT('',(12.956749175526,3.087942325615,
    33.416229141468));
#2049 = CARTESIAN_POINT('',(12.699761077316,2.596757164228,
    33.321668947831));
#2050 = CARTESIAN_POINT('',(12.51482256204,2.109370006022,
    33.255655871547));
#2051 = CARTESIAN_POINT('',(12.360634129673,1.587870463893,
    33.20125881434));
#2052 = CARTESIAN_POINT('',(12.26252071611,1.061308530016,
    33.167106831669));
#2053 = CARTESIAN_POINT('',(12.212925909657,0.529177611324,
    33.149805266728));
#2054 = CARTESIAN_POINT('',(12.212925896771,-9.142079093749E-09,
    33.149805286048));
#2055 = CARTESIAN_POINT('',(14.612031527787,6.365224298772,
    33.377542399967));
#2056 = CARTESIAN_POINT('',(14.574478699741,6.335360402849,
    33.36364101336));
#2057 = CARTESIAN_POINT('',(14.536925871694,6.305496506926,
    33.349739626752));
#2058 = CARTESIAN_POINT('',(14.499373043647,6.275632611003,
    33.335838240145));
#2059 = CARTESIAN_POINT('',(14.4618202156,6.24576871508,33.321936853537)
  );
#2060 = CARTESIAN_POINT('',(14.424267387554,6.215904819157,
    33.30803546693));
#2061 = CARTESIAN_POINT('',(14.386714559507,6.186040923234,
    33.294134080322));
#2062 = CARTESIAN_POINT('',(14.34916173146,6.156177027312,
    33.280232693715));
#2063 = CARTESIAN_POINT('',(14.311608903413,6.126313131389,
    33.266331307107));
#2064 = CARTESIAN_POINT('',(14.274056075367,6.096449235466,33.2524299205
    ));
#2065 = CARTESIAN_POINT('',(14.23650324732,6.066585339543,
    33.238528533892));
#2066 = CARTESIAN_POINT('',(13.709721389481,5.647661934973,
    33.04352329342));
#2067 = CARTESIAN_POINT('',(13.253343915673,5.210139349015,
    32.888076868162));
#2068 = CARTESIAN_POINT('',(12.835166294285,4.729615225339,
    32.755967491954));
#2069 = CARTESIAN_POINT('',(12.464107730627,4.213618448777,
    32.646436493406));
#2070 = CARTESIAN_POINT('',(12.139222669779,3.67176541379,
    32.554904461023));
#2071 = CARTESIAN_POINT('',(11.859828445351,3.092063166779,
    32.480127528625));
#2072 = CARTESIAN_POINT('',(11.638030855248,2.501012212589,
    32.422361934103));
#2073 = CARTESIAN_POINT('',(11.466530911847,1.885459240894,
    32.378785588581));
#2074 = CARTESIAN_POINT('',(11.353081503369,1.261423576665,32.3502517901
    ));
#2075 = CARTESIAN_POINT('',(11.296045376516,0.630654141926,
    32.335908665405));
#2076 = CARTESIAN_POINT('',(11.296045842835,3.592634517897E-15,
    32.335908784444));
#2077 = ADVANCED_FACE('',(#2078),#2209,.F.);
#2078 = FACE_BOUND('',#2079,.F.);
#2079 = EDGE_LOOP('',(#2080,#2081,#2082,#2199,#2200,#2207,#2208));
#2080 = ORIENTED_EDGE('',*,*,#1790,.T.);
#2081 = ORIENTED_EDGE('',*,*,#789,.T.);
#2082 = ORIENTED_EDGE('',*,*,#2083,.T.);
#2083 = EDGE_CURVE('',#781,#750,#2084,.T.);
#2084 = B_SPLINE_CURVE_WITH_KNOTS('',8,(#2085,#2086,#2087,#2088,#2089,
    #2090,#2091,#2092,#2093,#2094,#2095,#2096,#2097,#2098,#2099,#2100,
    #2101,#2102,#2103,#2104,#2105,#2106,#2107,#2108,#2109,#2110,#2111,
    #2112,#2113,#2114,#2115,#2116,#2117,#2118,#2119,#2120,#2121,#2122,
    #2123,#2124,#2125,#2126,#2127,#2128,#2129,#2130,#2131,#2132,#2133,
    #2134,#2135,#2136,#2137,#2138,#2139,#2140,#2141,#2142,#2143,#2144,
    #2145,#2146,#2147,#2148,#2149,#2150,#2151,#2152,#2153,#2154,#2155,
    #2156,#2157,#2158,#2159,#2160,#2161,#2162,#2163,#2164,#2165,#2166,
    #2167,#2168,#2169,#2170,#2171,#2172,#2173,#2174,#2175,#2176,#2177,
    #2178,#2179,#2180,#2181,#2182,#2183,#2184,#2185,#2186,#2187,#2188,
    #2189,#2190,#2191,#2192,#2193,#2194,#2195,#2196,#2197,#2198),
  .UNSPECIFIED.,.F.,.F.,(9,7,7,7,7,7,7,7,7,7,7,7,7,7,7,7,9),(0.,
    0.208076189349,0.313231099776,0.415015411621,0.457483971288,
    0.500852429303,0.536856139275,0.558502176682,0.574439494785,
    0.583891930789,0.597437426135,0.619895387916,0.6471328707,
    0.730664601818,0.851676868998,0.967140039136,1.),.UNSPECIFIED.);
#2085 = CARTESIAN_POINT('',(3.32871070996,12.973554776792,
    -3.12798302557E-04));
#2086 = CARTESIAN_POINT('',(3.328707285703,12.97355553632,0.52298429855)
  );
#2087 = CARTESIAN_POINT('',(3.33525076656,12.972104055294,1.046272423992
    ));
#2088 = CARTESIAN_POINT('',(3.348341300228,12.969200784096,
    1.569507809259));
#2089 = CARTESIAN_POINT('',(3.368068594292,12.964907674108,
    2.092637533285));
#2090 = CARTESIAN_POINT('',(3.394616516999,12.959352169146,
    2.615599208924));
#2091 = CARTESIAN_POINT('',(3.428267035395,12.952731861677,
    3.138320847435));
#2092 = CARTESIAN_POINT('',(3.469425963411,12.945334979475,
    3.660720171495));
#2093 = CARTESIAN_POINT('',(3.543590939896,12.933678752949,
    4.446495542479));
#2094 = CARTESIAN_POINT('',(3.570559408863,12.929677338395,
    4.710178153798));
#2095 = CARTESIAN_POINT('',(3.59967549678,12.925643027204,4.973738460454
    ));
#2096 = CARTESIAN_POINT('',(3.631029715219,12.921641215705,
    5.237160852499));
#2097 = CARTESIAN_POINT('',(3.664726983881,12.917748246727,
    5.500426080276));
#2098 = CARTESIAN_POINT('',(3.700890648088,12.914054424559,
    5.763510989561));
#2099 = CARTESIAN_POINT('',(3.739669519784,12.910669092241,
    6.026388042184));
#2100 = CARTESIAN_POINT('',(3.821493624163,12.904880730189,
    6.543242741283));
#2101 = CARTESIAN_POINT('',(3.864360311082,12.902449785861,
    6.797223628654));
#2102 = CARTESIAN_POINT('',(3.910017570825,12.900558504256,
    7.050947478727));
#2103 = CARTESIAN_POINT('',(3.958662987538,12.899352292662,
    7.304379368949));
#2104 = CARTESIAN_POINT('',(4.010540260114,12.89901143828,7.55746696057)
  );
#2105 = CARTESIAN_POINT('',(4.065946260736,12.899756829913,
    7.810139742201));
#2106 = CARTESIAN_POINT('',(4.125263194915,12.90187260852,8.062305307439
    ));
#2107 = CARTESIAN_POINT('',(4.215667293535,12.907396139746,
    8.418787905989));
#2108 = CARTESIAN_POINT('',(4.243060522625,12.909332452613,
    8.523624991083));
#2109 = CARTESIAN_POINT('',(4.271272318517,12.911608743311,8.62834028676
    ));
#2110 = CARTESIAN_POINT('',(4.300348827546,12.914258997951,8.73292194554
    ));
#2111 = CARTESIAN_POINT('',(4.330342344778,12.917321848464,8.83735529856
    ));
#2112 = CARTESIAN_POINT('',(4.361313329875,12.920841982314,
    8.941622510336));
#2113 = CARTESIAN_POINT('',(4.393333809756,12.924872489971,
    9.045701988737));
#2114 = CARTESIAN_POINT('',(4.460353143858,12.934181403082,
    9.255633997381));
#2115 = CARTESIAN_POINT('',(4.495397827746,12.939484017062,9.36146840147
    ));
#2116 = CARTESIAN_POINT('',(4.531723141163,12.945455601759,
    9.467050544879));
#2117 = CARTESIAN_POINT('',(4.569440491685,12.952177566261,9.57234718585
    ));
#2118 = CARTESIAN_POINT('',(4.60868606083,12.959750378246,9.677309411702
    ));
#2119 = CARTESIAN_POINT('',(4.64962518894,12.968296786089,9.781871619357
    ));
#2120 = CARTESIAN_POINT('',(4.692470952329,12.977974720807,
    9.885947094269));
#2121 = CARTESIAN_POINT('',(4.774950069214,12.998177868394,
    10.075312475843));
#2122 = CARTESIAN_POINT('',(4.813863507233,13.008272970476,
    10.160721597741));
#2123 = CARTESIAN_POINT('',(4.854477911433,13.019432819068,
    10.245638430895));
#2124 = CARTESIAN_POINT('',(4.897036518183,13.03183145927,
    10.329984617646));
#2125 = CARTESIAN_POINT('',(4.941803526289,13.045668113418,
    10.413619245105));
#2126 = CARTESIAN_POINT('',(4.989183227498,13.061252426664,
    10.496287712858));
#2127 = CARTESIAN_POINT('',(5.039635706742,13.078945535251,
    10.577658210173));
#2128 = CARTESIAN_POINT('',(5.127012775297,13.111908632261,
    10.704886635535));
#2129 = CARTESIAN_POINT('',(5.161142295068,13.125268799542,
    10.751721828109));
#2130 = CARTESIAN_POINT('',(5.196943018341,13.13981848734,
    10.797728423239));
#2131 = CARTESIAN_POINT('',(5.234773296437,13.155814245496,
    10.842756870134));
#2132 = CARTESIAN_POINT('',(5.274934269996,13.173506588338,
    10.886493563763));
#2133 = CARTESIAN_POINT('',(5.317885985277,13.19331587515,
    10.928232673586));
#2134 = CARTESIAN_POINT('',(5.363985407847,13.215623316302,
    10.96713449467));
#2135 = CARTESIAN_POINT('',(5.451517170202,13.260504085571,
    11.026760532861));
#2136 = CARTESIAN_POINT('',(5.491971058035,13.28196720881,
    11.050250594556));
#2137 = CARTESIAN_POINT('',(5.535362966393,13.305903909577,
    11.070284823718));
#2138 = CARTESIAN_POINT('',(5.581033149006,13.332226267164,
    11.084980296422));
#2139 = CARTESIAN_POINT('',(5.628082089508,13.360663797321,
    11.092608488957));
#2140 = CARTESIAN_POINT('',(5.675267712974,13.390641991095,
    11.091836889035));
#2141 = CARTESIAN_POINT('',(5.720983786322,13.421079956222,
    11.08284109943));
#2142 = CARTESIAN_POINT('',(5.78797689195,13.467400923713,
    11.059327529483));
#2143 = CARTESIAN_POINT('',(5.811767972078,13.484262881183,
    11.048496993245));
#2144 = CARTESIAN_POINT('',(5.834359699,13.500652235808,11.035910869744)
  );
#2145 = CARTESIAN_POINT('',(5.855773472767,13.516524960544,
    11.021891514863));
#2146 = CARTESIAN_POINT('',(5.876065706164,13.531867775655,
    11.006717587609));
#2147 = CARTESIAN_POINT('',(5.89531452251,13.546691902234,
    10.990609312701));
#2148 = CARTESIAN_POINT('',(5.913616624292,13.561030979424,
    10.973725959288));
#2149 = CARTESIAN_POINT('',(5.956110342035,13.594868828546,
    10.930981465592));
#2150 = CARTESIAN_POINT('',(5.980418525992,13.614707878393,
    10.903394880735));
#2151 = CARTESIAN_POINT('',(6.004050797739,13.634458442973,
    10.873507375718));
#2152 = CARTESIAN_POINT('',(6.027043074549,13.654120531037,
    10.841413574223));
#2153 = CARTESIAN_POINT('',(6.049426591346,13.673693489292,
    10.807195282666));
#2154 = CARTESIAN_POINT('',(6.071230133698,13.693177145501,
    10.77092285914));
#2155 = CARTESIAN_POINT('',(6.092480928694,13.712572228606,
    10.732655702344));
#2156 = CARTESIAN_POINT('',(6.147562648827,13.763891790782,
    10.625768704636));
#2157 = CARTESIAN_POINT('',(6.178482272411,13.793810643488,
    10.557604514399));
#2158 = CARTESIAN_POINT('',(6.20680842766,13.822098546556,
    10.488402162685));
#2159 = CARTESIAN_POINT('',(6.232964385177,13.848983536002,
    10.418424587501));
#2160 = CARTESIAN_POINT('',(6.257300495155,13.874658739035,
    10.347869082787));
#2161 = CARTESIAN_POINT('',(6.280057560872,13.899261168703,
    10.276851579121));
#2162 = CARTESIAN_POINT('',(6.301444178051,13.922914912935,
    10.205436863413));
#2163 = CARTESIAN_POINT('',(6.346108581677,13.973392193286,
    10.046548746457));
#2164 = CARTESIAN_POINT('',(6.36879944882,13.999795105122,9.958969170511
    ));
#2165 = CARTESIAN_POINT('',(6.38998335242,14.025101892232,9.870994454128
    ));
#2166 = CARTESIAN_POINT('',(6.409860069037,14.049431504642,
    9.782697971463));
#2167 = CARTESIAN_POINT('',(6.428580200754,14.07287461613,9.69413427571)
  );
#2168 = CARTESIAN_POINT('',(6.446266677758,14.095506358292,
    9.605343914817));
#2169 = CARTESIAN_POINT('',(6.463024516238,14.117392053816,
    9.516355511854));
#2170 = CARTESIAN_POINT('',(6.527744748005,14.203583245737,
    9.153717914546));
#2171 = CARTESIAN_POINT('',(6.568599512493,14.262046866676,
    8.878666868565));
#2172 = CARTESIAN_POINT('',(6.603992269335,14.315553939346,
    8.602586983769));
#2173 = CARTESIAN_POINT('',(6.634958144827,14.364788230743,
    8.325777340171));
#2174 = CARTESIAN_POINT('',(6.662403570028,14.410356816768,
    8.048464157386));
#2175 = CARTESIAN_POINT('',(6.68685998414,14.452637780028,7.770762208245
    ));
#2176 = CARTESIAN_POINT('',(6.708797339539,14.491971294136,
    7.492723273684));
#2177 = CARTESIAN_POINT('',(6.75718935502,14.58171045906,6.811005206501)
  );
#2178 = CARTESIAN_POINT('',(6.781244004174,14.629143090625,
    6.407108416507));
#2179 = CARTESIAN_POINT('',(6.80177608857,14.671701045423,6.002784771692
    ));
#2180 = CARTESIAN_POINT('',(6.819424393615,14.709894032388,5.59814226495
    ));
#2181 = CARTESIAN_POINT('',(6.834652457379,14.744110487069,
    5.193260093354));
#2182 = CARTESIAN_POINT('',(6.847820032781,14.774663265395,
    4.788192882091));
#2183 = CARTESIAN_POINT('',(6.859190334812,14.801793863995,
    4.382970931684));
#2184 = CARTESIAN_POINT('',(6.878312586586,14.848512192076,
    3.590824591765));
#2185 = CARTESIAN_POINT('',(6.886205810804,14.868387488917,
    3.203931540961));
#2186 = CARTESIAN_POINT('',(6.892837042547,14.885497559671,2.81694762255
    ));
#2187 = CARTESIAN_POINT('',(6.898339431759,14.899973372967,
    2.429892745579));
#2188 = CARTESIAN_POINT('',(6.902810988696,14.911914995991,
    2.042783830665));
#2189 = CARTESIAN_POINT('',(6.906323444311,14.921397315333,
    1.655635012821));
#2190 = CARTESIAN_POINT('',(6.908926711396,14.928472850265,
    1.268457737921));
#2191 = CARTESIAN_POINT('',(6.911139081809,14.934508904389,
    0.771067365919));
#2192 = CARTESIAN_POINT('',(6.911557868134,14.935653656404,
    0.660872533172));
#2193 = CARTESIAN_POINT('',(6.911905959322,14.936606610924,0.55067650831
    ));
#2194 = CARTESIAN_POINT('',(6.912183877923,14.937368324757,
    0.440479542483));
#2195 = CARTESIAN_POINT('',(6.912392015182,14.937939215108,
    0.330281884248));
#2196 = CARTESIAN_POINT('',(6.912530631038,14.938319559576,
    0.220083779564));
#2197 = CARTESIAN_POINT('',(6.912599854125,14.938509496156,
    0.109885471792));
#2198 = CARTESIAN_POINT('',(6.912599681772,14.93850902324,
    -3.12798302557E-04));
#2199 = ORIENTED_EDGE('',*,*,#749,.T.);
#2200 = ORIENTED_EDGE('',*,*,#2201,.F.);
#2201 = EDGE_CURVE('',#493,#728,#2202,.T.);
#2202 = CIRCLE('',#2203,27.461299576584);
#2203 = AXIS2_PLACEMENT_3D('',#2204,#2205,#2206);
#2204 = CARTESIAN_POINT('',(40.,16.,0.));
#2205 = DIRECTION('',(2.22044604925E-16,-1.,0.));
#2206 = DIRECTION('',(-0.669753621606,-1.487151783065E-16,0.742583386797
    ));
#2207 = ORIENTED_EDGE('',*,*,#501,.T.);
#2208 = ORIENTED_EDGE('',*,*,#1984,.T.);
#2209 = SURFACE_OF_REVOLUTION('',#2210,#2215);
#2210 = CIRCLE('',#2211,16.);
#2211 = AXIS2_PLACEMENT_3D('',#2212,#2213,#2214);
#2212 = CARTESIAN_POINT('',(21.607695154587,-1.998401444325E-15,
    20.392304845413));
#2213 = DIRECTION('',(-0.866025403784,-6.162975822039E-33,-0.5));
#2214 = DIRECTION('',(0.,-1.,1.232595164408E-32));
#2215 = AXIS1_PLACEMENT('',#2216,#2217);
#2216 = CARTESIAN_POINT('',(40.,16.,0.));
#2217 = DIRECTION('',(2.22044604925E-16,-1.,0.));
#2218 = ADVANCED_FACE('',(#2219),#2231,.T.);
#2219 = FACE_BOUND('',#2220,.T.);
#2220 = EDGE_LOOP('',(#2221,#2222,#2229,#2230));
#2221 = ORIENTED_EDGE('',*,*,#492,.T.);
#2222 = ORIENTED_EDGE('',*,*,#2223,.T.);
#2223 = EDGE_CURVE('',#484,#709,#2224,.T.);
#2224 = CIRCLE('',#2225,21.62975027383);
#2225 = AXIS2_PLACEMENT_3D('',#2226,#2227,#2228);
#2226 = CARTESIAN_POINT('',(40.,18.,0.));
#2227 = DIRECTION('',(2.22044604925E-16,-1.,0.));
#2228 = DIRECTION('',(-0.711626562977,-1.580128390304E-16,0.702557922783
    ));
#2229 = ORIENTED_EDGE('',*,*,#727,.T.);
#2230 = ORIENTED_EDGE('',*,*,#2201,.F.);
#2231 = SURFACE_OF_REVOLUTION('',#2232,#2237);
#2232 = CIRCLE('',#2233,10.);
#2233 = AXIS2_PLACEMENT_3D('',#2234,#2235,#2236);
#2234 = CARTESIAN_POINT('',(21.607695154587,26.,20.392304845413));
#2235 = DIRECTION('',(-0.866025403784,-6.162975822039E-33,-0.5));
#2236 = DIRECTION('',(0.,-1.,1.232595164408E-32));
#2237 = AXIS1_PLACEMENT('',#2238,#2239);
#2238 = CARTESIAN_POINT('',(40.,16.,0.));
#2239 = DIRECTION('',(2.22044604925E-16,-1.,0.));
#2240 = ADVANCED_FACE('',(#2241),#2253,.F.);
#2241 = FACE_BOUND('',#2242,.F.);
#2242 = EDGE_LOOP('',(#2243,#2244,#2245,#2246));
#2243 = ORIENTED_EDGE('',*,*,#483,.T.);
#2244 = ORIENTED_EDGE('',*,*,#2223,.T.);
#2245 = ORIENTED_EDGE('',*,*,#708,.T.);
#2246 = ORIENTED_EDGE('',*,*,#2247,.F.);
#2247 = EDGE_CURVE('',#476,#701,#2248,.T.);
#2248 = CIRCLE('',#2249,15.923856925433);
#2249 = AXIS2_PLACEMENT_3D('',#2250,#2251,#2252);
#2250 = CARTESIAN_POINT('',(40.,20.,0.));
#2251 = DIRECTION('',(2.22044604925E-16,-1.,0.));
#2252 = DIRECTION('',(-0.778222569032,-1.728001228845E-16,0.62798856124)
  );
#2253 = SURFACE_OF_REVOLUTION('',#2254,#2259);
#2254 = CIRCLE('',#2255,10.);
#2255 = AXIS2_PLACEMENT_3D('',#2256,#2257,#2258);
#2256 = CARTESIAN_POINT('',(27.607695154587,10.,10.));
#2257 = DIRECTION('',(-0.866025403784,-6.162975822039E-33,-0.5));
#2258 = DIRECTION('',(0.,-1.,1.232595164408E-32));
#2259 = AXIS1_PLACEMENT('',#2260,#2261);
#2260 = CARTESIAN_POINT('',(40.,16.,0.));
#2261 = DIRECTION('',(2.22044604925E-16,-1.,0.));
#2262 = ADVANCED_FACE('',(#2263),#2275,.F.);
#2263 = FACE_BOUND('',#2264,.F.);
#2264 = EDGE_LOOP('',(#2265,#2266,#2272,#2273,#2274));
#2265 = ORIENTED_EDGE('',*,*,#700,.F.);
#2266 = ORIENTED_EDGE('',*,*,#2267,.T.);
#2267 = EDGE_CURVE('',#692,#1570,#2268,.T.);
#2268 = LINE('',#2269,#2270);
#2269 = CARTESIAN_POINT('',(31.2,20.,0.));
#2270 = VECTOR('',#2271,1.);
#2271 = DIRECTION('',(0.,0.,1.));
#2272 = ORIENTED_EDGE('',*,*,#1602,.T.);
#2273 = ORIENTED_EDGE('',*,*,#630,.T.);
#2274 = ORIENTED_EDGE('',*,*,#2247,.T.);
#2275 = PLANE('',#2276);
#2276 = AXIS2_PLACEMENT_3D('',#2277,#2278,#2279);
#2277 = CARTESIAN_POINT('',(36.,20.,0.));
#2278 = DIRECTION('',(0.,-1.,0.));
#2279 = DIRECTION('',(-1.,0.,0.));
#2280 = ADVANCED_FACE('',(#2281),#2366,.F.);
#2281 = FACE_BOUND('',#2282,.T.);
#2282 = EDGE_LOOP('',(#2283,#2284,#2290,#2291,#2297,#2298));
#2283 = ORIENTED_EDGE('',*,*,#1246,.F.);
#2284 = ORIENTED_EDGE('',*,*,#2285,.F.);
#2285 = EDGE_CURVE('',#648,#1247,#2286,.T.);
#2286 = LINE('',#2287,#2288);
#2287 = CARTESIAN_POINT('',(33.046153846154,-17.23076923076,0.));
#2288 = VECTOR('',#2289,1.);
#2289 = DIRECTION('',(0.,0.,1.));
#2290 = ORIENTED_EDGE('',*,*,#645,.F.);
#2291 = ORIENTED_EDGE('',*,*,#2292,.T.);
#2292 = EDGE_CURVE('',#646,#1171,#2293,.T.);
#2293 = LINE('',#2294,#2295);
#2294 = CARTESIAN_POINT('',(37.230769230769,-13.04615384615,0.));
#2295 = VECTOR('',#2296,1.);
#2296 = DIRECTION('',(0.,0.,1.));
#2297 = ORIENTED_EDGE('',*,*,#1170,.T.);
#2298 = ORIENTED_EDGE('',*,*,#2299,.T.);
#2299 = EDGE_CURVE('',#1162,#1238,#2300,.T.);
#2300 = B_SPLINE_CURVE_WITH_KNOTS('',8,(#2301,#2302,#2303,#2304,#2305,
    #2306,#2307,#2308,#2309,#2310,#2311,#2312,#2313,#2314,#2315,#2316,
    #2317,#2318,#2319,#2320,#2321,#2322,#2323,#2324,#2325,#2326,#2327,
    #2328,#2329,#2330,#2331,#2332,#2333,#2334,#2335,#2336,#2337,#2338,
    #2339,#2340,#2341,#2342,#2343,#2344,#2345,#2346,#2347,#2348,#2349,
    #2350,#2351,#2352,#2353,#2354,#2355,#2356,#2357,#2358,#2359,#2360,
    #2361,#2362,#2363,#2364,#2365),.UNSPECIFIED.,.F.,.F.,(9,7,7,7,7,7,7,
    7,7,9),(0.,2.401604363205E-02,6.906025061308E-02,0.117979215694,
    0.143718868624,0.198250822422,0.291507365277,0.518542749763,
    0.940220750751,1.),.UNSPECIFIED.);
#2301 = CARTESIAN_POINT('',(32.914131046868,-15.15299775437,
    24.808983427462));
#2302 = CARTESIAN_POINT('',(32.912267482879,-15.15978724552,
    24.812211214973));
#2303 = CARTESIAN_POINT('',(32.9104047115,-15.16664070596,
    24.815315380813));
#2304 = CARTESIAN_POINT('',(32.908543594451,-15.17355709532,
    24.818291742183));
#2305 = CARTESIAN_POINT('',(32.906685045745,-15.18053509002,
    24.821136193201));
#2306 = CARTESIAN_POINT('',(32.904830031682,-15.18757308323,
    24.823844704907));
#2307 = CARTESIAN_POINT('',(32.902979570851,-15.19466918492,
    24.826413325262));
#2308 = CARTESIAN_POINT('',(32.901134734129,-15.20182122177,
    24.828838179145));
#2309 = CARTESIAN_POINT('',(32.895849145891,-15.22254131682,
    24.835386725024));
#2310 = CARTESIAN_POINT('',(32.892424951909,-15.23624561165,
    24.839139560807));
#2311 = CARTESIAN_POINT('',(32.889031969105,-15.25012117799,
    24.842348727054));
#2312 = CARTESIAN_POINT('',(32.885678226604,-15.26414713276,
    24.844992114105));
#2313 = CARTESIAN_POINT('',(32.882371760756,-15.2783000348,
    24.847051679634));
#2314 = CARTESIAN_POINT('',(32.879120499595,-15.29255376604,
    24.84851437698));
#2315 = CARTESIAN_POINT('',(32.875932147303,-15.30687941275,
    24.849373083491));
#2316 = CARTESIAN_POINT('',(32.869427769079,-15.33684663873,
    24.849903861924));
#2317 = CARTESIAN_POINT('',(32.866123576385,-15.35249898162,
    24.849467562632));
#2318 = CARTESIAN_POINT('',(32.862911090914,-15.36816100943,
    24.848317759782));
#2319 = CARTESIAN_POINT('',(32.859797830567,-15.38379480494,
    24.84646333324));
#2320 = CARTESIAN_POINT('',(32.856789433671,-15.39936565591,
    24.843921454338));
#2321 = CARTESIAN_POINT('',(32.85388986183,-15.41484201126,
    24.840716126278));
#2322 = CARTESIAN_POINT('',(32.851101602771,-15.43019543732,
    24.836876724544));
#2323 = CARTESIAN_POINT('',(32.847017986699,-15.45340104871,
    24.830100247514));
#2324 = CARTESIAN_POINT('',(32.845641147327,-15.461361137,
    24.827597364296));
#2325 = CARTESIAN_POINT('',(32.844295433544,-15.46927763049,
    24.82493269479));
#2326 = CARTESIAN_POINT('',(32.842980834152,-15.47714767695,
    24.822111110368));
#2327 = CARTESIAN_POINT('',(32.841697248298,-15.48496878032,
    24.819137546633));
#2328 = CARTESIAN_POINT('',(32.840444485471,-15.49273880071,
    24.816017003418));
#2329 = CARTESIAN_POINT('',(32.839222265503,-15.50045595439,
    24.812754544787));
#2330 = CARTESIAN_POINT('',(32.835504751407,-15.52435332547,
    24.802153666867));
#2331 = CARTESIAN_POINT('',(32.833114991965,-15.54034274046,
    24.79433827494));
#2332 = CARTESIAN_POINT('',(32.830857266155,-15.55607523277,
    24.785956306332));
#2333 = CARTESIAN_POINT('',(32.828727031543,-15.57154361465,
    24.777053534524));
#2334 = CARTESIAN_POINT('',(32.826719122384,-15.58674483182,
    24.767673419095));
#2335 = CARTESIAN_POINT('',(32.824827994648,-15.60167945874,
    24.75785620142));
#2336 = CARTESIAN_POINT('',(32.823047971046,-15.61635119381,
    24.747638000374));
#2337 = CARTESIAN_POINT('',(32.818509904804,-15.65541810404,
    24.718942930031));
#2338 = CARTESIAN_POINT('',(32.815955994443,-15.67931015099,
    24.699761572166));
#2339 = CARTESIAN_POINT('',(32.813682736896,-15.70248048456,
    24.679659564962));
#2340 = CARTESIAN_POINT('',(32.81166423289,-15.72496688708,
    24.658767694251));
#2341 = CARTESIAN_POINT('',(32.8098774344,-15.74680752281,
    24.637195004916));
#2342 = CARTESIAN_POINT('',(32.808301877098,-15.76804152647,
    24.615030004643));
#2343 = CARTESIAN_POINT('',(32.806919412793,-15.78870959194,
    24.592341867666));
#2344 = CARTESIAN_POINT('',(32.802779192815,-15.85789799116,
    24.512797481756));
#2345 = CARTESIAN_POINT('',(32.800897999579,-15.90376498224,
    24.453702688992));
#2346 = CARTESIAN_POINT('',(32.799835351011,-15.94707561282,
    24.39264870188));
#2347 = CARTESIAN_POINT('',(32.799449272027,-15.98819534893,
    24.330113458991));
#2348 = CARTESIAN_POINT('',(32.7996340148,-16.02740930925,
    24.266439335202));
#2349 = CARTESIAN_POINT('',(32.80030621302,-16.06496442664,
    24.201864596213));
#2350 = CARTESIAN_POINT('',(32.801406262782,-16.10106451956,
    24.136518705412));
#2351 = CARTESIAN_POINT('',(32.805637760352,-16.20061012548,
    23.94774428688));
#2352 = CARTESIAN_POINT('',(32.809696593343,-16.2608226447,
    23.822817746923));
#2353 = CARTESIAN_POINT('',(32.814750408613,-16.31760635697,
    23.696359759683));
#2354 = CARTESIAN_POINT('',(32.820634173665,-16.37149911623,
    23.56876352436));
#2355 = CARTESIAN_POINT('',(32.827213928486,-16.42291039292,
    23.440323456857));
#2356 = CARTESIAN_POINT('',(32.834390386256,-16.47209070618,
    23.311220842724));
#2357 = CARTESIAN_POINT('',(32.842070419492,-16.51921322473,
    23.18156878663));
#2358 = CARTESIAN_POINT('',(32.851301275572,-16.57073512206,
    23.032955609021));
#2359 = CARTESIAN_POINT('',(32.852455470375,-16.5770917154,
    23.014494203987));
#2360 = CARTESIAN_POINT('',(32.853617434681,-16.58340790556,
    22.996023967385));
#2361 = CARTESIAN_POINT('',(32.854786868577,-16.5896837687,
    22.97754518284));
#2362 = CARTESIAN_POINT('',(32.85596346536,-16.59591933245,
    22.959058124541));
#2363 = CARTESIAN_POINT('',(32.857146911536,-16.60211457596,
    22.940563057246));
#2364 = CARTESIAN_POINT('',(32.858336886823,-16.60826942992,
    22.922060236278));
#2365 = CARTESIAN_POINT('',(32.859533064147,-16.61438377649,
    22.903549907525));
#2366 = CYLINDRICAL_SURFACE('',#2367,3.2);
#2367 = AXIS2_PLACEMENT_3D('',#2368,#2369,#2370);
#2368 = CARTESIAN_POINT('',(36.,-16.,0.));
#2369 = DIRECTION('',(-0.,-0.,-1.));
#2370 = DIRECTION('',(1.,0.,0.));
#2371 = ADVANCED_FACE('',(#2372),#2383,.T.);
#2372 = FACE_BOUND('',#2373,.F.);
#2373 = EDGE_LOOP('',(#2374,#2375,#2376,#2377));
#2374 = ORIENTED_EDGE('',*,*,#656,.F.);
#2375 = ORIENTED_EDGE('',*,*,#2292,.T.);
#2376 = ORIENTED_EDGE('',*,*,#1179,.T.);
#2377 = ORIENTED_EDGE('',*,*,#2378,.F.);
#2378 = EDGE_CURVE('',#657,#1180,#2379,.T.);
#2379 = LINE('',#2380,#2381);
#2380 = CARTESIAN_POINT('',(40.,-11.2,0.));
#2381 = VECTOR('',#2382,1.);
#2382 = DIRECTION('',(0.,0.,1.));
#2383 = CYLINDRICAL_SURFACE('',#2384,2.);
#2384 = AXIS2_PLACEMENT_3D('',#2385,#2386,#2387);
#2385 = CARTESIAN_POINT('',(38.,-11.2,0.));
#2386 = DIRECTION('',(-0.,-0.,-1.));
#2387 = DIRECTION('',(1.,0.,0.));
#2388 = ADVANCED_FACE('',(#2389),#2396,.T.);
#2389 = FACE_BOUND('',#2390,.F.);
#2390 = EDGE_LOOP('',(#2391,#2392,#2393,#2394,#2395));
#2391 = ORIENTED_EDGE('',*,*,#940,.F.);
#2392 = ORIENTED_EDGE('',*,*,#1475,.T.);
#2393 = ORIENTED_EDGE('',*,*,#1309,.T.);
#2394 = ORIENTED_EDGE('',*,*,#1265,.T.);
#2395 = ORIENTED_EDGE('',*,*,#2285,.F.);
#2396 = CYLINDRICAL_SURFACE('',#2397,2.);
#2397 = AXIS2_PLACEMENT_3D('',#2398,#2399,#2400);
#2398 = CARTESIAN_POINT('',(31.2,-18.,0.));
#2399 = DIRECTION('',(-0.,-0.,-1.));
#2400 = DIRECTION('',(1.,0.,0.));
#2401 = ADVANCED_FACE('',(#2402),#2413,.F.);
#2402 = FACE_BOUND('',#2403,.F.);
#2403 = EDGE_LOOP('',(#2404,#2405,#2406,#2407));
#2404 = ORIENTED_EDGE('',*,*,#665,.F.);
#2405 = ORIENTED_EDGE('',*,*,#2378,.T.);
#2406 = ORIENTED_EDGE('',*,*,#1188,.T.);
#2407 = ORIENTED_EDGE('',*,*,#2408,.F.);
#2408 = EDGE_CURVE('',#666,#1189,#2409,.T.);
#2409 = LINE('',#2410,#2411);
#2410 = CARTESIAN_POINT('',(40.,11.2,0.));
#2411 = VECTOR('',#2412,1.);
#2412 = DIRECTION('',(0.,0.,1.));
#2413 = PLANE('',#2414);
#2414 = AXIS2_PLACEMENT_3D('',#2415,#2416,#2417);
#2415 = CARTESIAN_POINT('',(40.,-16.,0.));
#2416 = DIRECTION('',(-1.,0.,0.));
#2417 = DIRECTION('',(0.,1.,0.));
#2418 = ADVANCED_FACE('',(#2419),#2430,.T.);
#2419 = FACE_BOUND('',#2420,.T.);
#2420 = EDGE_LOOP('',(#2421,#2422,#2428,#2429));
#2421 = ORIENTED_EDGE('',*,*,#673,.F.);
#2422 = ORIENTED_EDGE('',*,*,#2423,.T.);
#2423 = EDGE_CURVE('',#674,#1090,#2424,.T.);
#2424 = LINE('',#2425,#2426);
#2425 = CARTESIAN_POINT('',(37.230769230769,13.046153846154,0.));
#2426 = VECTOR('',#2427,1.);
#2427 = DIRECTION('',(0.,0.,1.));
#2428 = ORIENTED_EDGE('',*,*,#1196,.F.);
#2429 = ORIENTED_EDGE('',*,*,#2408,.F.);
#2430 = CYLINDRICAL_SURFACE('',#2431,2.);
#2431 = AXIS2_PLACEMENT_3D('',#2432,#2433,#2434);
#2432 = CARTESIAN_POINT('',(38.,11.2,0.));
#2433 = DIRECTION('',(0.,0.,-1.));
#2434 = DIRECTION('',(1.,0.,0.));
#2435 = ADVANCED_FACE('',(#2436),#2516,.F.);
#2436 = FACE_BOUND('',#2437,.F.);
#2437 = EDGE_LOOP('',(#2438,#2439,#2445,#2446,#2447,#2448));
#2438 = ORIENTED_EDGE('',*,*,#1524,.F.);
#2439 = ORIENTED_EDGE('',*,*,#2440,.F.);
#2440 = EDGE_CURVE('',#683,#1525,#2441,.T.);
#2441 = LINE('',#2442,#2443);
#2442 = CARTESIAN_POINT('',(33.046153846154,17.230769230769,0.));
#2443 = VECTOR('',#2444,1.);
#2444 = DIRECTION('',(0.,0.,1.));
#2445 = ORIENTED_EDGE('',*,*,#682,.F.);
#2446 = ORIENTED_EDGE('',*,*,#2423,.T.);
#2447 = ORIENTED_EDGE('',*,*,#1087,.F.);
#2448 = ORIENTED_EDGE('',*,*,#2449,.T.);
#2449 = EDGE_CURVE('',#1088,#1516,#2450,.T.);
#2450 = B_SPLINE_CURVE_WITH_KNOTS('',8,(#2451,#2452,#2453,#2454,#2455,
    #2456,#2457,#2458,#2459,#2460,#2461,#2462,#2463,#2464,#2465,#2466,
    #2467,#2468,#2469,#2470,#2471,#2472,#2473,#2474,#2475,#2476,#2477,
    #2478,#2479,#2480,#2481,#2482,#2483,#2484,#2485,#2486,#2487,#2488,
    #2489,#2490,#2491,#2492,#2493,#2494,#2495,#2496,#2497,#2498,#2499,
    #2500,#2501,#2502,#2503,#2504,#2505,#2506,#2507,#2508,#2509,#2510,
    #2511,#2512,#2513,#2514,#2515),.UNSPECIFIED.,.F.,.F.,(9,7,7,7,7,7,7,
    7,7,9),(0.,2.401604363197E-02,6.906025063295E-02,0.117979215714,
    0.143718868646,0.198250822446,0.291507365306,0.518542749802,
    0.940220750798,1.),.UNSPECIFIED.);
#2451 = CARTESIAN_POINT('',(32.914131046868,15.152997754374,
    24.808983427462));
#2452 = CARTESIAN_POINT('',(32.912267482879,15.159787245528,
    24.812211214973));
#2453 = CARTESIAN_POINT('',(32.9104047115,15.166640705961,
    24.815315380813));
#2454 = CARTESIAN_POINT('',(32.908543594451,15.173557095321,
    24.818291742183));
#2455 = CARTESIAN_POINT('',(32.906685045745,15.18053509002,
    24.821136193201));
#2456 = CARTESIAN_POINT('',(32.904830031682,15.187573083238,
    24.823844704907));
#2457 = CARTESIAN_POINT('',(32.902979570851,15.19466918492,
    24.826413325262));
#2458 = CARTESIAN_POINT('',(32.901134734129,15.201821221776,
    24.828838179145));
#2459 = CARTESIAN_POINT('',(32.89584914589,15.222541316832,
    24.835386725025));
#2460 = CARTESIAN_POINT('',(32.892424951906,15.236245611671,
    24.839139560811));
#2461 = CARTESIAN_POINT('',(32.8890319691,15.250121178017,
    24.842348727058));
#2462 = CARTESIAN_POINT('',(32.885678226598,15.264147132792,
    24.84499211411));
#2463 = CARTESIAN_POINT('',(32.882371760749,15.278300034832,
    24.847051679638));
#2464 = CARTESIAN_POINT('',(32.879120499586,15.292553766082,
    24.848514376984));
#2465 = CARTESIAN_POINT('',(32.875932147293,15.306879412795,
    24.849373083494));
#2466 = CARTESIAN_POINT('',(32.869427769068,15.336846638781,
    24.849903861923));
#2467 = CARTESIAN_POINT('',(32.866123576374,15.352498981679,
    24.849467562629));
#2468 = CARTESIAN_POINT('',(32.862911090903,15.368161009486,
    24.848317759777));
#2469 = CARTESIAN_POINT('',(32.859797830557,15.383794804998,
    24.846463333233));
#2470 = CARTESIAN_POINT('',(32.856789433661,15.399365655966,
    24.843921454328));
#2471 = CARTESIAN_POINT('',(32.85388986182,15.414842011319,
    24.840716126267));
#2472 = CARTESIAN_POINT('',(32.851101602762,15.43019543738,
    24.836876724531));
#2473 = CARTESIAN_POINT('',(32.84701798669,15.453401048771,
    24.830100247498));
#2474 = CARTESIAN_POINT('',(32.845641147319,15.461361137058,
    24.827597364278));
#2475 = CARTESIAN_POINT('',(32.844295433535,15.469277630548,
    24.824932694772));
#2476 = CARTESIAN_POINT('',(32.842980834144,15.477147677009,
    24.822111110349));
#2477 = CARTESIAN_POINT('',(32.84169724829,15.48496878038,
    24.819137546613));
#2478 = CARTESIAN_POINT('',(32.840444485463,15.492738800767,
    24.816017003397));
#2479 = CARTESIAN_POINT('',(32.839222265495,15.500455954447,
    24.812754544764));
#2480 = CARTESIAN_POINT('',(32.835504751399,15.524353325528,
    24.802153666842));
#2481 = CARTESIAN_POINT('',(32.833114991958,15.540342740514,
    24.794338274912));
#2482 = CARTESIAN_POINT('',(32.830857266147,15.556075232824,
    24.785956306303));
#2483 = CARTESIAN_POINT('',(32.828727031536,15.571543614702,
    24.777053534493));
#2484 = CARTESIAN_POINT('',(32.826719122378,15.586744831879,
    24.767673419062));
#2485 = CARTESIAN_POINT('',(32.824827994642,15.601679458799,
    24.757856201385));
#2486 = CARTESIAN_POINT('',(32.82304797104,15.616351193865,
    24.747638000337));
#2487 = CARTESIAN_POINT('',(32.818509904799,15.655418104098,
    24.718942929989));
#2488 = CARTESIAN_POINT('',(32.815955994438,15.67931015105,
    24.699761572122));
#2489 = CARTESIAN_POINT('',(32.813682736892,15.702480484613,
    24.679659564915));
#2490 = CARTESIAN_POINT('',(32.811664232886,15.724966887139,
    24.658767694201));
#2491 = CARTESIAN_POINT('',(32.809877434396,15.746807522863,
    24.637195004864));
#2492 = CARTESIAN_POINT('',(32.808301877094,15.768041526525,
    24.615030004589));
#2493 = CARTESIAN_POINT('',(32.80691941279,15.788709591997,
    24.592341867609));
#2494 = CARTESIAN_POINT('',(32.802779192813,15.857897991217,
    24.512797481692));
#2495 = CARTESIAN_POINT('',(32.800897999577,15.903764982294,
    24.453702688923));
#2496 = CARTESIAN_POINT('',(32.79983535101,15.947075612872,
    24.392648701807));
#2497 = CARTESIAN_POINT('',(32.799449272026,15.988195348982,
    24.330113458914));
#2498 = CARTESIAN_POINT('',(32.7996340148,16.027409309307,
    24.266439335121));
#2499 = CARTESIAN_POINT('',(32.800306213021,16.064964426697,
    24.201864596128));
#2500 = CARTESIAN_POINT('',(32.801406262783,16.101064519614,
    24.136518705324));
#2501 = CARTESIAN_POINT('',(32.805637760355,16.200610125531,
    23.947744286784));
#2502 = CARTESIAN_POINT('',(32.809696593347,16.26082264475,
    23.822817746826));
#2503 = CARTESIAN_POINT('',(32.814750408617,16.317606357023,
    23.696359759579));
#2504 = CARTESIAN_POINT('',(32.82063417367,16.371499116277,
    23.568763524257));
#2505 = CARTESIAN_POINT('',(32.827213928491,16.422910392963,
    23.440323456747));
#2506 = CARTESIAN_POINT('',(32.834390386262,16.47209070623,
    23.311220842614));
#2507 = CARTESIAN_POINT('',(32.842070419499,16.519213224776,
    23.181568786516));
#2508 = CARTESIAN_POINT('',(32.851301275578,16.570735122103,
    23.032955608919));
#2509 = CARTESIAN_POINT('',(32.852455470381,16.57709171543,23.0144942039
    ));
#2510 = CARTESIAN_POINT('',(32.853617434686,16.583407905593,
    22.996023967312));
#2511 = CARTESIAN_POINT('',(32.854786868581,16.589683768724,
    22.977545182781));
#2512 = CARTESIAN_POINT('',(32.855963465363,16.595919332466,
    22.959058124497));
#2513 = CARTESIAN_POINT('',(32.857146911538,16.602114575977,
    22.940563057217));
#2514 = CARTESIAN_POINT('',(32.858336886824,16.608269429925,
    22.922060236263));
#2515 = CARTESIAN_POINT('',(32.859533064147,16.614383776491,
    22.903549907525));
#2516 = CYLINDRICAL_SURFACE('',#2517,3.2);
#2517 = AXIS2_PLACEMENT_3D('',#2518,#2519,#2520);
#2518 = CARTESIAN_POINT('',(36.,16.,0.));
#2519 = DIRECTION('',(0.,0.,-1.));
#2520 = DIRECTION('',(1.,0.,0.));
#2521 = ADVANCED_FACE('',(#2522),#2529,.T.);
#2522 = FACE_BOUND('',#2523,.T.);
#2523 = EDGE_LOOP('',(#2524,#2525,#2526,#2527,#2528));
#2524 = ORIENTED_EDGE('',*,*,#691,.F.);
#2525 = ORIENTED_EDGE('',*,*,#2267,.T.);
#2526 = ORIENTED_EDGE('',*,*,#1569,.T.);
#2527 = ORIENTED_EDGE('',*,*,#1543,.T.);
#2528 = ORIENTED_EDGE('',*,*,#2440,.F.);
#2529 = CYLINDRICAL_SURFACE('',#2530,2.);
#2530 = AXIS2_PLACEMENT_3D('',#2531,#2532,#2533);
#2531 = CARTESIAN_POINT('',(31.2,18.,0.));
#2532 = DIRECTION('',(0.,0.,-1.));
#2533 = DIRECTION('',(1.,0.,0.));
#2534 = ADVANCED_FACE('',(#2535),#2539,.F.);
#2535 = FACE_BOUND('',#2536,.T.);
#2536 = EDGE_LOOP('',(#2537,#2538));
#2537 = ORIENTED_EDGE('',*,*,#851,.F.);
#2538 = ORIENTED_EDGE('',*,*,#1798,.F.);
#2539 = CYLINDRICAL_SURFACE('',#2540,3.1);
#2540 = AXIS2_PLACEMENT_3D('',#2541,#2542,#2543);
#2541 = CARTESIAN_POINT('',(4.,-16.,0.));
#2542 = DIRECTION('',(-0.,-0.,-1.));
#2543 = DIRECTION('',(1.,0.,0.));
#2544 = ADVANCED_FACE('',(#2545),#2549,.F.);
#2545 = FACE_BOUND('',#2546,.F.);
#2546 = EDGE_LOOP('',(#2547,#2548));
#2547 = ORIENTED_EDGE('',*,*,#780,.F.);
#2548 = ORIENTED_EDGE('',*,*,#2083,.F.);
#2549 = CYLINDRICAL_SURFACE('',#2550,3.1);
#2550 = AXIS2_PLACEMENT_3D('',#2551,#2552,#2553);
#2551 = CARTESIAN_POINT('',(4.,16.,0.));
#2552 = DIRECTION('',(0.,0.,-1.));
#2553 = DIRECTION('',(1.,0.,0.));
#2554 = ADVANCED_FACE('',(#2555),#2574,.F.);
#2555 = FACE_BOUND('',#2556,.T.);
#2556 = EDGE_LOOP('',(#2557,#2565,#2572,#2573));
#2557 = ORIENTED_EDGE('',*,*,#2558,.T.);
#2558 = EDGE_CURVE('',#950,#2559,#2561,.T.);
#2559 = VERTEX_POINT('',#2560);
#2560 = CARTESIAN_POINT('',(8.25,-7.,2.));
#2561 = LINE('',#2562,#2563);
#2562 = CARTESIAN_POINT('',(8.25,-7.,0.));
#2563 = VECTOR('',#2564,1.);
#2564 = DIRECTION('',(0.,0.,1.));
#2565 = ORIENTED_EDGE('',*,*,#2566,.T.);
#2566 = EDGE_CURVE('',#2559,#2559,#2567,.T.);
#2567 = CIRCLE('',#2568,1.25);
#2568 = AXIS2_PLACEMENT_3D('',#2569,#2570,#2571);
#2569 = CARTESIAN_POINT('',(7.,-7.,2.));
#2570 = DIRECTION('',(0.,0.,1.));
#2571 = DIRECTION('',(1.,0.,0.));
#2572 = ORIENTED_EDGE('',*,*,#2558,.F.);
#2573 = ORIENTED_EDGE('',*,*,#949,.F.);
#2574 = CYLINDRICAL_SURFACE('',#2575,1.25);
#2575 = AXIS2_PLACEMENT_3D('',#2576,#2577,#2578);
#2576 = CARTESIAN_POINT('',(7.,-7.,0.));
#2577 = DIRECTION('',(-0.,-0.,-1.));
#2578 = DIRECTION('',(1.,0.,0.));
#2579 = ADVANCED_FACE('',(#2580),#2599,.F.);
#2580 = FACE_BOUND('',#2581,.T.);
#2581 = EDGE_LOOP('',(#2582,#2590,#2591,#2592));
#2582 = ORIENTED_EDGE('',*,*,#2583,.F.);
#2583 = EDGE_CURVE('',#961,#2584,#2586,.T.);
#2584 = VERTEX_POINT('',#2585);
#2585 = CARTESIAN_POINT('',(12.7,-10.,6.5));
#2586 = LINE('',#2587,#2588);
#2587 = CARTESIAN_POINT('',(12.7,-10.,0.));
#2588 = VECTOR('',#2589,1.);
#2589 = DIRECTION('',(6.832141690001E-17,0.,1.));
#2590 = ORIENTED_EDGE('',*,*,#960,.T.);
#2591 = ORIENTED_EDGE('',*,*,#2583,.T.);
#2592 = ORIENTED_EDGE('',*,*,#2593,.F.);
#2593 = EDGE_CURVE('',#2584,#2584,#2594,.T.);
#2594 = CIRCLE('',#2595,2.3);
#2595 = AXIS2_PLACEMENT_3D('',#2596,#2597,#2598);
#2596 = CARTESIAN_POINT('',(15.,-10.,6.5));
#2597 = DIRECTION('',(0.,0.,-1.));
#2598 = DIRECTION('',(-1.,0.,0.));
#2599 = CYLINDRICAL_SURFACE('',#2600,2.3);
#2600 = AXIS2_PLACEMENT_3D('',#2601,#2602,#2603);
#2601 = CARTESIAN_POINT('',(15.,-10.,0.));
#2602 = DIRECTION('',(0.,0.,1.));
#2603 = DIRECTION('',(-1.,0.,0.));
#2604 = ADVANCED_FACE('',(#2605),#2624,.F.);
#2605 = FACE_BOUND('',#2606,.T.);
#2606 = EDGE_LOOP('',(#2607,#2615,#2622,#2623));
#2607 = ORIENTED_EDGE('',*,*,#2608,.T.);
#2608 = EDGE_CURVE('',#975,#2609,#2611,.T.);
#2609 = VERTEX_POINT('',#2610);
#2610 = CARTESIAN_POINT('',(8.25,7.,2.));
#2611 = LINE('',#2612,#2613);
#2612 = CARTESIAN_POINT('',(8.25,7.,0.));
#2613 = VECTOR('',#2614,1.);
#2614 = DIRECTION('',(0.,0.,1.));
#2615 = ORIENTED_EDGE('',*,*,#2616,.T.);
#2616 = EDGE_CURVE('',#2609,#2609,#2617,.T.);
#2617 = CIRCLE('',#2618,1.25);
#2618 = AXIS2_PLACEMENT_3D('',#2619,#2620,#2621);
#2619 = CARTESIAN_POINT('',(7.,7.,2.));
#2620 = DIRECTION('',(0.,0.,1.));
#2621 = DIRECTION('',(1.,0.,0.));
#2622 = ORIENTED_EDGE('',*,*,#2608,.F.);
#2623 = ORIENTED_EDGE('',*,*,#974,.F.);
#2624 = CYLINDRICAL_SURFACE('',#2625,1.25);
#2625 = AXIS2_PLACEMENT_3D('',#2626,#2627,#2628);
#2626 = CARTESIAN_POINT('',(7.,7.,0.));
#2627 = DIRECTION('',(-0.,-0.,-1.));
#2628 = DIRECTION('',(1.,0.,0.));
#2629 = ADVANCED_FACE('',(#2630),#2649,.F.);
#2630 = FACE_BOUND('',#2631,.T.);
#2631 = EDGE_LOOP('',(#2632,#2640,#2641,#2642));
#2632 = ORIENTED_EDGE('',*,*,#2633,.F.);
#2633 = EDGE_CURVE('',#986,#2634,#2636,.T.);
#2634 = VERTEX_POINT('',#2635);
#2635 = CARTESIAN_POINT('',(12.7,10.,6.5));
#2636 = LINE('',#2637,#2638);
#2637 = CARTESIAN_POINT('',(12.7,10.,0.));
#2638 = VECTOR('',#2639,1.);
#2639 = DIRECTION('',(6.832141690001E-17,0.,1.));
#2640 = ORIENTED_EDGE('',*,*,#985,.T.);
#2641 = ORIENTED_EDGE('',*,*,#2633,.T.);
#2642 = ORIENTED_EDGE('',*,*,#2643,.F.);
#2643 = EDGE_CURVE('',#2634,#2634,#2644,.T.);
#2644 = CIRCLE('',#2645,2.3);
#2645 = AXIS2_PLACEMENT_3D('',#2646,#2647,#2648);
#2646 = CARTESIAN_POINT('',(15.,10.,6.5));
#2647 = DIRECTION('',(0.,0.,-1.));
#2648 = DIRECTION('',(-1.,0.,0.));
#2649 = CYLINDRICAL_SURFACE('',#2650,2.3);
#2650 = AXIS2_PLACEMENT_3D('',#2651,#2652,#2653);
#2651 = CARTESIAN_POINT('',(15.,10.,0.));
#2652 = DIRECTION('',(0.,0.,1.));
#2653 = DIRECTION('',(-1.,0.,0.));
#2654 = ADVANCED_FACE('',(#2655),#2674,.F.);
#2655 = FACE_BOUND('',#2656,.T.);
#2656 = EDGE_LOOP('',(#2657,#2665,#2666,#2667));
#2657 = ORIENTED_EDGE('',*,*,#2658,.F.);
#2658 = EDGE_CURVE('',#997,#2659,#2661,.T.);
#2659 = VERTEX_POINT('',#2660);
#2660 = CARTESIAN_POINT('',(27.7,0.,6.5));
#2661 = LINE('',#2662,#2663);
#2662 = CARTESIAN_POINT('',(27.7,0.,0.));
#2663 = VECTOR('',#2664,1.);
#2664 = DIRECTION('',(6.832141690001E-17,0.,1.));
#2665 = ORIENTED_EDGE('',*,*,#996,.T.);
#2666 = ORIENTED_EDGE('',*,*,#2658,.T.);
#2667 = ORIENTED_EDGE('',*,*,#2668,.F.);
#2668 = EDGE_CURVE('',#2659,#2659,#2669,.T.);
#2669 = CIRCLE('',#2670,2.3);
#2670 = AXIS2_PLACEMENT_3D('',#2671,#2672,#2673);
#2671 = CARTESIAN_POINT('',(30.,0.,6.5));
#2672 = DIRECTION('',(0.,0.,-1.));
#2673 = DIRECTION('',(-1.,0.,0.));
#2674 = CYLINDRICAL_SURFACE('',#2675,2.3);
#2675 = AXIS2_PLACEMENT_3D('',#2676,#2677,#2678);
#2676 = CARTESIAN_POINT('',(30.,0.,0.));
#2677 = DIRECTION('',(0.,0.,1.));
#2678 = DIRECTION('',(-1.,0.,0.));
#2679 = ADVANCED_FACE('',(#2680),#2692,.T.);
#2680 = FACE_BOUND('',#2681,.F.);
#2681 = EDGE_LOOP('',(#2682,#2683,#2684,#2691));
#2682 = ORIENTED_EDGE('',*,*,#1013,.T.);
#2683 = ORIENTED_EDGE('',*,*,#1143,.T.);
#2684 = ORIENTED_EDGE('',*,*,#2685,.T.);
#2685 = EDGE_CURVE('',#1144,#1063,#2686,.T.);
#2686 = CIRCLE('',#2687,1.);
#2687 = AXIS2_PLACEMENT_3D('',#2688,#2689,#2690);
#2688 = CARTESIAN_POINT('',(25.830677516948,-10.60660927698,
    35.077884834336));
#2689 = DIRECTION('',(0.353557170184,-0.707099221924,-0.61237898214));
#2690 = DIRECTION('',(-0.353549610962,-0.707114340369,0.612365889182));
#2691 = ORIENTED_EDGE('',*,*,#1070,.F.);
#2692 = SURFACE_OF_REVOLUTION('',#2693,#2704);
#2693 = B_SPLINE_CURVE_WITH_KNOTS('',5,(#2694,#2695,#2696,#2697,#2698,
    #2699,#2700,#2701,#2702,#2703),.UNSPECIFIED.,.F.,.F.,(6,4,6),(
    4.712388980385,5.497787143782,6.28318530718),.UNSPECIFIED.);
#2694 = CARTESIAN_POINT('',(27.285987285779,-9.017612573217,
    34.55721437397));
#2695 = CARTESIAN_POINT('',(27.32301641436,-8.879086815508,
    34.493078041907));
#2696 = CARTESIAN_POINT('',(27.333341722765,-8.740558863127,
    34.413522897255));
#2697 = CARTESIAN_POINT('',(27.315017607539,-8.609162744216,
    34.321829643607));
#2698 = CARTESIAN_POINT('',(27.269031650205,-8.491980076496,
    34.222940105539));
#2699 = CARTESIAN_POINT('',(27.129016271524,-8.296075071207,
    34.021165561441));
#2700 = CARTESIAN_POINT('',(27.034984631903,-8.217349629902,
    33.918277358683));
#2701 = CARTESIAN_POINT('',(26.920499675004,-8.162923575406,
    33.818580993332));
#2702 = CARTESIAN_POINT('',(26.791731588396,-8.135730209822,
    33.727449619126));
#2703 = CARTESIAN_POINT('',(26.655696636079,-8.135730209822,
    33.648909802786));
#2704 = AXIS1_PLACEMENT('',#2705,#2706);
#2705 = CARTESIAN_POINT('',(26.18422712791,-9.899494936612,
    34.465518945154));
#2706 = DIRECTION('',(-0.866025403784,-1.749902463122E-16,-0.5));
#2707 = ADVANCED_FACE('',(#2708),#2720,.T.);
#2708 = FACE_BOUND('',#2709,.F.);
#2709 = EDGE_LOOP('',(#2710,#2711,#2712,#2719));
#2710 = ORIENTED_EDGE('',*,*,#2449,.F.);
#2711 = ORIENTED_EDGE('',*,*,#1098,.T.);
#2712 = ORIENTED_EDGE('',*,*,#2713,.T.);
#2713 = EDGE_CURVE('',#1099,#1490,#2714,.T.);
#2714 = CIRCLE('',#2715,1.);
#2715 = AXIS2_PLACEMENT_3D('',#2716,#2717,#2718);
#2716 = CARTESIAN_POINT('',(31.133974596216,15.,25.892304845413));
#2717 = DIRECTION('',(-0.5,2.745666151497E-16,0.866025403784));
#2718 = DIRECTION('',(2.775557561563E-17,-1.,3.330669073875E-16));
#2719 = ORIENTED_EDGE('',*,*,#1515,.F.);
#2720 = TOROIDAL_SURFACE('',#2721,11.,1.);
#2721 = AXIS2_PLACEMENT_3D('',#2722,#2723,#2724);
#2722 = CARTESIAN_POINT('',(31.133974596216,26.,25.892304845413));
#2723 = DIRECTION('',(0.866025403784,1.749902463122E-16,0.5));
#2724 = DIRECTION('',(8.026288630347E-02,-0.987031649102,-0.13901939704)
  );
#2725 = ADVANCED_FACE('',(#2726),#2738,.T.);
#2726 = FACE_BOUND('',#2727,.F.);
#2727 = EDGE_LOOP('',(#2728,#2729,#2730,#2737));
#2728 = ORIENTED_EDGE('',*,*,#2713,.F.);
#2729 = ORIENTED_EDGE('',*,*,#1107,.T.);
#2730 = ORIENTED_EDGE('',*,*,#2731,.T.);
#2731 = EDGE_CURVE('',#1108,#1442,#2732,.T.);
#2732 = CIRCLE('',#2733,1.);
#2733 = AXIS2_PLACEMENT_3D('',#2734,#2735,#2736);
#2734 = CARTESIAN_POINT('',(25.830673737316,10.606601717798,
    35.07789138085));
#2735 = DIRECTION('',(-0.353553390593,-0.707106781187,0.612372435696));
#2736 = DIRECTION('',(-0.353553390593,0.707106781187,0.612372435696));
#2737 = ORIENTED_EDGE('',*,*,#1499,.F.);
#2738 = TOROIDAL_SURFACE('',#2739,15.,1.);
#2739 = AXIS2_PLACEMENT_3D('',#2740,#2741,#2742);
#2740 = CARTESIAN_POINT('',(31.133974596216,-1.507257875862E-15,
    25.892304845413));
#2741 = DIRECTION('',(-0.866025403784,-1.749902463122E-16,-0.5));
#2742 = DIRECTION('',(-2.679992551887E-16,1.,1.14207833753E-16));
#2743 = ADVANCED_FACE('',(#2744),#2750,.T.);
#2744 = FACE_BOUND('',#2745,.F.);
#2745 = EDGE_LOOP('',(#2746,#2747,#2748,#2749));
#2746 = ORIENTED_EDGE('',*,*,#1441,.F.);
#2747 = ORIENTED_EDGE('',*,*,#2731,.F.);
#2748 = ORIENTED_EDGE('',*,*,#1116,.T.);
#2749 = ORIENTED_EDGE('',*,*,#1406,.T.);
#2750 = TOROIDAL_SURFACE('',#2751,1.,1.);
#2751 = AXIS2_PLACEMENT_3D('',#2752,#2753,#2754);
#2752 = CARTESIAN_POINT('',(26.18422712791,9.899494936612,
    34.465518945154));
#2753 = DIRECTION('',(-0.866025403784,-1.749902463122E-16,-0.5));
#2754 = DIRECTION('',(-0.353553390593,0.707106781187,0.612372435696));
#2755 = ADVANCED_FACE('',(#2756),#2768,.T.);
#2756 = FACE_BOUND('',#2757,.F.);
#2757 = EDGE_LOOP('',(#2758,#2759,#2760,#2767));
#2758 = ORIENTED_EDGE('',*,*,#2299,.T.);
#2759 = ORIENTED_EDGE('',*,*,#1237,.F.);
#2760 = ORIENTED_EDGE('',*,*,#2761,.F.);
#2761 = EDGE_CURVE('',#1153,#1230,#2762,.T.);
#2762 = CIRCLE('',#2763,1.);
#2763 = AXIS2_PLACEMENT_3D('',#2764,#2765,#2766);
#2764 = CARTESIAN_POINT('',(31.133974596216,-15.,25.892304845413));
#2765 = DIRECTION('',(0.5,3.727075101399E-16,-0.866025403784));
#2766 = DIRECTION('',(3.608224830032E-16,-1.,-2.22044604925E-16));
#2767 = ORIENTED_EDGE('',*,*,#1161,.T.);
#2768 = TOROIDAL_SURFACE('',#2769,11.,1.);
#2769 = AXIS2_PLACEMENT_3D('',#2770,#2771,#2772);
#2770 = CARTESIAN_POINT('',(31.133974596216,-26.,25.892304845413));
#2771 = DIRECTION('',(0.866025403784,1.749902463122E-16,0.5));
#2772 = DIRECTION('',(-3.299646356076E-17,1.,-2.928289412671E-16));
#2773 = ADVANCED_FACE('',(#2774),#2780,.T.);
#2774 = FACE_BOUND('',#2775,.F.);
#2775 = EDGE_LOOP('',(#2776,#2777,#2778,#2779));
#2776 = ORIENTED_EDGE('',*,*,#2685,.F.);
#2777 = ORIENTED_EDGE('',*,*,#1152,.T.);
#2778 = ORIENTED_EDGE('',*,*,#2761,.T.);
#2779 = ORIENTED_EDGE('',*,*,#1294,.F.);
#2780 = TOROIDAL_SURFACE('',#2781,15.,1.);
#2781 = AXIS2_PLACEMENT_3D('',#2782,#2783,#2784);
#2782 = CARTESIAN_POINT('',(31.133974596216,-1.507257875862E-15,
    25.892304845413));
#2783 = DIRECTION('',(-0.866025403784,-1.749902463122E-16,-0.5));
#2784 = DIRECTION('',(-0.353552909586,-0.707107743199,0.612371602567));
#2785 = ADVANCED_FACE('',(#2786),#2789,.F.);
#2786 = FACE_BOUND('',#2787,.F.);
#2787 = EDGE_LOOP('',(#2788));
#2788 = ORIENTED_EDGE('',*,*,#2566,.T.);
#2789 = PLANE('',#2790);
#2790 = AXIS2_PLACEMENT_3D('',#2791,#2792,#2793);
#2791 = CARTESIAN_POINT('',(7.,4.786040463888E-16,2.));
#2792 = DIRECTION('',(0.,0.,1.));
#2793 = DIRECTION('',(1.,0.,0.));
#2794 = ADVANCED_FACE('',(#2795),#2798,.T.);
#2795 = FACE_BOUND('',#2796,.T.);
#2796 = EDGE_LOOP('',(#2797));
#2797 = ORIENTED_EDGE('',*,*,#2593,.T.);
#2798 = PLANE('',#2799);
#2799 = AXIS2_PLACEMENT_3D('',#2800,#2801,#2802);
#2800 = CARTESIAN_POINT('',(15.,-10.,6.5));
#2801 = DIRECTION('',(-0.,-0.,-1.));
#2802 = DIRECTION('',(-1.,0.,0.));
#2803 = ADVANCED_FACE('',(#2804),#2807,.F.);
#2804 = FACE_BOUND('',#2805,.F.);
#2805 = EDGE_LOOP('',(#2806));
#2806 = ORIENTED_EDGE('',*,*,#2616,.T.);
#2807 = PLANE('',#2808);
#2808 = AXIS2_PLACEMENT_3D('',#2809,#2810,#2811);
#2809 = CARTESIAN_POINT('',(7.,4.786040463888E-16,2.));
#2810 = DIRECTION('',(0.,0.,1.));
#2811 = DIRECTION('',(1.,0.,0.));
#2812 = ADVANCED_FACE('',(#2813),#2816,.T.);
#2813 = FACE_BOUND('',#2814,.T.);
#2814 = EDGE_LOOP('',(#2815));
#2815 = ORIENTED_EDGE('',*,*,#2643,.T.);
#2816 = PLANE('',#2817);
#2817 = AXIS2_PLACEMENT_3D('',#2818,#2819,#2820);
#2818 = CARTESIAN_POINT('',(15.,10.,6.5));
#2819 = DIRECTION('',(-0.,-0.,-1.));
#2820 = DIRECTION('',(-1.,0.,0.));
#2821 = ADVANCED_FACE('',(#2822),#2825,.T.);
#2822 = FACE_BOUND('',#2823,.T.);
#2823 = EDGE_LOOP('',(#2824));
#2824 = ORIENTED_EDGE('',*,*,#2668,.T.);
#2825 = PLANE('',#2826);
#2826 = AXIS2_PLACEMENT_3D('',#2827,#2828,#2829);
#2827 = CARTESIAN_POINT('',(30.,0.,6.5));
#2828 = DIRECTION('',(-0.,-0.,-1.));
#2829 = DIRECTION('',(-1.,0.,0.));
#2830 = ( GEOMETRIC_REPRESENTATION_CONTEXT(3) 
GLOBAL_UNCERTAINTY_ASSIGNED_CONTEXT((#2834)) 
GLOBAL_UNIT_ASSIGNED_CONTEXT((#2831,#2832,#2833)) REPRESENTATION_CONTEXT
('Context #1','3D Context with UNIT and UNCERTAINTY') );
#2831 = ( LENGTH_UNIT() NAMED_UNIT(*) SI_UNIT(.MILLI.,.METRE.) );
#2832 = ( NAMED_UNIT(*) PLANE_ANGLE_UNIT() SI_UNIT($,.RADIAN.) );
#2833 = ( NAMED_UNIT(*) SI_UNIT($,.STERADIAN.) SOLID_ANGLE_UNIT() );
#2834 = UNCERTAINTY_MEASURE_WITH_UNIT(LENGTH_MEASURE(1.E-05),#2831,
  'distance_accuracy_value','confusion accuracy');
#2835 = PRODUCT_RELATED_PRODUCT_CATEGORY('part',$,(#7));
#2836 = MECHANICAL_DESIGN_GEOMETRIC_PRESENTATION_REPRESENTATION('',(
    #2837),#2830);
#2837 = STYLED_ITEM('color',(#2838),#15);
#2838 = PRESENTATION_STYLE_ASSIGNMENT((#2839,#2845));
#2839 = SURFACE_STYLE_USAGE(.BOTH.,#2840);
#2840 = SURFACE_SIDE_STYLE('',(#2841));
#2841 = SURFACE_STYLE_FILL_AREA(#2842);
#2842 = FILL_AREA_STYLE('',(#2843));
#2843 = FILL_AREA_STYLE_COLOUR('',#2844);
#2844 = COLOUR_RGB('',0.749019635948,0.600000020288,0.466666661095);
#2845 = CURVE_STYLE('',#2846,POSITIVE_LENGTH_MEASURE(0.1),#2847);
#2846 = DRAUGHTING_PRE_DEFINED_CURVE_FONT('continuous');
#2847 = COLOUR_RGB('',9.803921802644E-02,9.803921802644E-02,
  9.803921802644E-02);
ENDSEC;
END-ISO-10303-21;
